EQUIPMENT SERIAL NUMBER,LEVEL OF CONNECTION,SYSTEM ID,SYSTEM NAME,BUSINESS LINE,CITY,STATE,SERVICE REGION,CURRENT CONNECTIVITY STATUS,EQUIPMENT INSTALLATION DATE
3049584789,CONNECTED BUT NOT SRS READY,ART111,ARTIS 1,AXA,LIMEIRA,SP,SÃO PAULO INTERIOR,Connection OK,2021-05-13
3024458017,SRS READY,SOM157,SOMATOM 1,CT,CACOAL,RO,CENTRO,Connection OK,2013-06-11
3030176456,SRS READY,SOM165,SOMATOM 2,CT,GOIANIA,GO,CENTRO,Connection Expired (More than 30 days),2016-01-15
3009550222,SRS READY,NUC143,NUCLEAR 1,MI PET,SALVADOR,BA,NORDESTE,Connection OK,2008-09-30
3023728720,SRS READY,MAG118,MAGNETOM 1,MR,BRASILIA,DF,CENTRO,Connection OK,2012-10-19
3038029009,SRS READY,SOM157,SOMATOM 1,CT,CAMPINAS,SP,SÃO PAULO INTERIOR,Connection OK,2019-03-29
3015769185,SRS READY,NUC148,NUCLEAR 14,MI SPECT,RIBEIRAO PRETO,SP,SÃO PAULO INTERIOR,Connection Expired (More than 30 days),2010-12-22
3002925569,SRS READY,MAG118,MAGNETOM 1,MR,RIO DE JANEIRO,RJ,RIO DE JANEIRO,Connection OK,2004-08-13
3028138015,SRS READY,ART112,ARTIS 2,AXA,UBERLANDIA,MG,SÃO PAULO INTERIOR,Connection Expired (More than 30 days),2015-09-25
3037951360,SRS READY,MAG119,MAGNETOM 2,MR,MACAE,RJ,RIO DE JANEIRO,Connection OK,2017-12-16
3012084893,NOT CONNECTED,NUC149,NUCLEAR 2,MI SPECT,CASCAVEL,PR,SUL,Connection Expired (More than 30 days),2010-03-15
3009770229,NOT CONNECTED,ARC110,ARCADIS,AXA SU,CAMPINAS,SP,SÃO PAULO INTERIOR,Connection Expired (More than 30 days),2008-11-06
3030636771,SRS READY,ART112,ARTIS 2,AXA,BELO HORIZONTE,MG,CENTRO,Connection OK,2015-12-02
3025483820,SRS READY,SOM166,SOMATOM 3,CT,RIO DE JANEIRO,RJ,RIO DE JANEIRO,Connection OK,2013-08-02
3010836146,SRS READY,ART113,ARTIS 3,AXA,SAO PAULO,SP,SÃO PAULO,Connection OK,2009-07-30
3039708696,SRS READY,SOM167,SOMATOM 4,CT,SAO PAULO,SP,SÃO PAULO,Connection OK,2018-06-22
3016943403,SRS READY,SYN173,SYNGO 1,SY,SAO PAULO,SP,SÃO PAULO,Connection Expired (More than 30 days),2011-01-30
3035536581,SRS READY,MAM137,MAMMOMAT 1,XP WH,SOROCABA,SP,SÃO PAULO INTERIOR,Connection Expired (More than 30 days),2017-11-17
3016642283,SRS READY,NUC148,NUCLEAR 14,MI SPECT,FEIRA DE SANTANA,BA,NORDESTE,Connection OK,2011-03-31
3035394701,SRS READY,NUC150,NUCLEAR 3,MI PET,BRASILIA,DF,CENTRO,Connection OK,2017-04-05
3029760128,SRS READY,MAG120,MAGNETOM 3,MR,PORTO ALEGRE,RS,SUL,Connection OK,2015-02-09
3025712054,SRS READY,MAG121,MAGNETOM 4,MR,SAO PAULO,SP,SÃO PAULO,Connection OK,2013-11-22
3049344350,CONNECTED BUT NOT SRS READY,ART112,ARTIS 2,AXA,BELEM,PA,CENTRO,Connection OK,2021-05-05
3004466163,SRS READY,MAG122,MAGNETOM 5,MR,SOROCABA,SP,SÃO PAULO INTERIOR,Connection OK,2006-08-27
3044392396,SRS READY,MAG123,MAGNETOM 6,MR,CUIABA,MT,CENTRO,Connection OK,2019-11-05
3016609228,SRS READY,NUC151,NUCLEAR 4,MI PET,SAO PAULO,SP,SÃO PAULO,Connection Expired (More than 30 days),2010-12-22
3023150344,SRS READY,MAG121,MAGNETOM 4,MR,JUIZ DE FORA,MG,RIO DE JANEIRO,Connection OK,2012-09-24
3035550210,SRS READY,MAG118,MAGNETOM 1,MR,CURITIBA,PR,SUL,Connection OK,2017-08-14
3047041688,SRS READY,SOM157,SOMATOM 1,CT,NOVA PRATA,RS,SUL,Connection OK,2020-10-16
3012022333,SRS READY,NUC152,NUCLEAR 5,MI SPECT,ARACAJU,SE,NORDESTE,Connection OK,2010-03-15
3009445609,SRS READY,SOM168,SOMATOM 5,CT,CURITIBA,PR,SUL,Connection OK,2008-09-28
3034055680,SRS READY,MAG124,MAGNETOM 7,MR,BETIM,MG,CENTRO,Connection Expired (More than 30 days),2017-08-01
3038228020,SRS READY,MAG122,MAGNETOM 5,MR,RIO DE JANEIRO,RJ,RIO DE JANEIRO,Connection Expired (More than 30 days),2018-01-31
3027692340,SRS READY,NUC153,NUCLEAR 6,MI PET,NATAL,RN,NORDESTE,Connection OK,2014-06-03
3014231198,SRS READY,NUC153,NUCLEAR 6,MI PET,BRASILIA,DF,CENTRO,Connection OK,2010-05-11
3036918221,SRS READY,MAG125,MAGNETOM 8,MR,FLORIANOPOLIS,SC,SUL,Connection OK,2017-09-15
5000130143,SRS READY,NUC154,NUCLEAR 7,MI PET,NOVO HAMBURGO,RS,SUL,Connection Expired (More than 30 days),2011-08-19
3004146996,CONNECTED BUT NOT SRS READY,MAG126,MAGNETOM 9,MR,SAO PAULO,SP,SÃO PAULO,Connection OK,2006-01-16
3033966830,SRS READY,MAG120,MAGNETOM 3,MR,JOINVILLE,SC,SUL,Connection OK,2016-08-23
3010428555,SRS READY,LUM117,LUMINOS,XP RF,BRASILIA,DF,CENTRO,Connection OK,2009-05-20
3026908206,CONNECTED BUT NOT SRS READY,ART111,ARTIS 1,AXA,RIO DE JANEIRO,RJ,RIO DE JANEIRO,Connection Expired (More than 30 days),2014-03-18
3007640267,CONNECTED BUT NOT SRS READY,SOM169,SOMATOM 6,CT,GUARULHOS,SP,SÃO PAULO,Connection Expired (More than 30 days),2008-02-01
3024859720,SRS READY,SOM169,SOMATOM 6,CT,SAO PAULO,SP,SÃO PAULO,Connection OK,2013-07-17
3011465197,NOT CONNECTED,ARC110,ARCADIS,AXA SU,SAO PAULO,SP,SÃO PAULO,Connection Expired (More than 30 days),2009-09-30
2100024948,CONNECTED BUT NOT SRS READY,NUC148,NUCLEAR 14,MI SPECT,PORTO ALEGRE,RS,SUL,Connection OK,2000-01-10
3009975354,SRS READY,ART111,ARTIS 1,AXA,SAO PAULO,SP,SÃO PAULO,Connection OK,2009-03-25
3026046101,SRS READY,SOM157,SOMATOM 1,CT,CARUARU,PE,NORDESTE,Connection Expired (More than 30 days),2013-09-03
3034245489,SRS READY,SOM165,SOMATOM 2,CT,MOGI DAS CRUZES,SP,SÃO PAULO,Connection OK,2016-10-25
3032046773,SRS READY,NUC143,NUCLEAR 1,MI PET,CAMPINAS,SP,SÃO PAULO INTERIOR,Connection Expired (More than 30 days),2016-01-15
3044024819,SRS READY,MAG123,MAGNETOM 6,MR,RIBEIRAO PRETO,SP,SÃO PAULO INTERIOR,Connection OK,2019-10-14
3025866029,SRS READY,MAG118,MAGNETOM 1,MR,SINOP,MT,CENTRO,Connection OK,2013-08-09
3042222988,SRS READY,SOM157,SOMATOM 1,CT,OURO BRANCO,MG,CENTRO,Connection OK,2019-04-12
3003751009,SRS READY,MAG118,MAGNETOM 1,MR,BELO HORIZONTE,MG,CENTRO,Connection OK,2005-07-30
3034590861,CONNECTED BUT NOT SRS READY,MAG127,MAGNETON 10,MR,BRASILIA,DF,CENTRO,Connection OK,2016-11-26
3040800194,SRS READY,MAG119,MAGNETOM 2,MR,ITAPEVA,SP,SÃO PAULO INTERIOR,Connection Expired (More than 30 days),2018-12-12
3043795447,SRS READY,ART114,ARTIS 4,AXA,CAMPINAS,SP,SÃO PAULO INTERIOR,Connection OK,2019-09-06
3015502505,SRS READY,NUC149,NUCLEAR 2,MI SPECT,IJUI,RS,SUL,Connection OK,2010-10-27
3037382247,SRS READY,SOM170,SOMATOM 7,CT,BRASILIA,DF,CENTRO,Connection OK,2017-11-28
3026659306,SRS READY,SOM166,SOMATOM 3,CT,NITEROI,RJ,RIO DE JANEIRO,Connection OK,2014-05-29
3014210623,SRS READY,ART113,ARTIS 3,AXA,RECIFE,PE,NORDESTE,Connection OK,2010-06-10
3033382018,CONNECTED BUT NOT SRS READY,ACU101,ACUSON 1,US,ARARAQUARA,SP,SÃO PAULO,Connection Expired (More than 30 days),2017-03-30
3025163950,SRS READY,NUC155,NUCLEAR 8,MI PET,SOROCABA,SP,SÃO PAULO INTERIOR,Connection OK,2013-07-18
3017076323,CONNECTED BUT NOT SRS READY,SYN173,SYNGO 1,SY,BELO HORIZONTE,MG,CENTRO,Connection Expired (More than 30 days),2011-08-17
3030000209,SRS READY,YSI176,YSIO,XP RF,SAO PAULO,SP,SÃO PAULO,Connection Expired (More than 30 days),2015-10-19
3044886588,CONNECTED BUT NOT SRS READY,MAG123,MAGNETOM 6,MR,SAO PAULO,SP,SÃO PAULO,Connection OK,2019-12-17
3045530112,SRS READY,MAG128,MAGNETON 11,MR,BRASILIA,DF,CENTRO,Connection OK,2020-03-02
3015477823,SRS READY,NUC151,NUCLEAR 4,MI PET,SAO PAULO,SP,SÃO PAULO,Connection OK,2010-09-28
3024535269,SRS READY,MAG121,MAGNETOM 4,MR,RECIFE,PE,NORDESTE,Connection OK,2013-01-28
3035704852,SRS READY,MAG118,MAGNETOM 1,MR,CURITIBA,PR,SUL,Connection OK,2017-08-24
3038994177,SRS READY,NUC156,NUCLEAR 9,MI SPECT,MURIAE,MG,RIO DE JANEIRO,Connection Expired (More than 30 days),2018-03-26
3012094520,SRS READY,NUC152,NUCLEAR 5,MI SPECT,LONDRINA,PR,SUL,Connection Expired (More than 30 days),2010-04-09
3003851820,SRS READY,ART115,ARTIS 5,AXA,SALVADOR,BA,NORDESTE,Connection Expired (More than 30 days),2005-05-27
3048799621,NOT CONNECTED,ACU101,ACUSON 1,US,BELO HORIZONTE,MG,CENTRO,Connection Expired (More than 30 days),2021-04-08
3009586186,SRS READY,SOM168,SOMATOM 5,CT,SAO PAULO,SP,SÃO PAULO,Connection Expired (More than 30 days),2008-11-24
3010459734,SRS READY,MAG122,MAGNETOM 5,MR,CAMPINAS,SP,SÃO PAULO INTERIOR,Connection OK,2009-06-30
3028008102,SRS READY,NUC153,NUCLEAR 6,MI PET,SAO PAULO,SP,SÃO PAULO,Connection OK,2014-05-29
3031649167,CONNECTED BUT NOT SRS READY,NUC153,NUCLEAR 6,MI PET,RIO DE JANEIRO,RJ,RIO DE JANEIRO,Connection Expired (More than 30 days),2016-11-14
3031854506,SRS READY,NUC153,NUCLEAR 6,MI PET,BRASILIA,DF,CENTRO,Connection OK,2015-12-21
3037870109,SRS READY,MAG125,MAGNETOM 8,MR,SOROCABA,SP,SÃO PAULO INTERIOR,Connection OK,2017-11-26
3007537646,SRS READY,MAG126,MAGNETOM 9,MR,BRASILIA,DF,CENTRO,Connection OK,2008-01-21
3036336257,SRS READY,MAG120,MAGNETOM 3,MR,BELEM,PA,CENTRO,Connection OK,2017-09-13
3009607959,CONNECTED BUT NOT SRS READY,ARC110,ARCADIS,AXA SU,SAO PAULO,SP,SÃO PAULO,Connection Expired (More than 30 days),2008-11-13
3009034858,SRS READY,SOM169,SOMATOM 6,CT,SAO PAULO,SP,SÃO PAULO,Connection Expired (More than 30 days),2008-10-06
3034338706,SRS READY,MAG129,MAGNETON 12,MR,BRASILIA,DF,CENTRO,Connection OK,2016-10-27
3011465469,NOT CONNECTED,ARC110,ARCADIS,AXA SU,SAO PAULO,SP,SÃO PAULO,Connection Expired (More than 30 days),2009-09-30
3037958416,CONNECTED BUT NOT SRS READY,MOB141,MOBILLET,XP SU,SAO PAULO,SP,SÃO PAULO,Connection Expired (More than 30 days),2017-12-18
3037291220,SRS READY,SOM157,SOMATOM 1,CT,SAO PAULO,SP,SÃO PAULO,Connection OK,2017-09-30
3026823926,SRS READY,SOM157,SOMATOM 1,CT,RIBEIRAO PRETO,SP,SÃO PAULO INTERIOR,Connection Expired (More than 30 days),2014-05-12
3034363697,SRS READY,SOM165,SOMATOM 2,CT,MOSSORO,RN,NORDESTE,Connection OK,2016-10-25
3035415853,CONNECTED BUT NOT SRS READY,NUC143,NUCLEAR 1,MI PET,GOIANIA,GO,CENTRO,Connection OK,2017-02-03
3043633143,NOT CONNECTED,ACU102,ACUSON 2,US,SAO PAULO,SP,SÃO PAULO,Connection Expired (More than 30 days),2019-08-06
3027943781,SRS READY,SOM157,SOMATOM 1,CT,BETIM,MG,CENTRO,Connection Expired (More than 30 days),2014-08-27
3048317951,NOT CONNECTED,MAG127,MAGNETON 10,MR,BRASILIA,DF,CENTRO,Connection Expired (More than 30 days),2020-12-18
3010122605,SRS READY,MAG119,MAGNETOM 2,MR,RESENDE,RJ,RIO DE JANEIRO,Connection OK,2009-03-31
3043048364,SRS READY,MAG119,MAGNETOM 2,MR,PORTO ALEGRE,RS,SUL,Connection OK,2019-08-12
3011952806,NOT CONNECTED,ARC110,ARCADIS,AXA SU,SAO PAULO,SP,SÃO PAULO,Connection Expired (More than 30 days),2010-03-08
3039203557,SRS READY,SOM170,SOMATOM 7,CT,PORTO ALEGRE,RS,SUL,Connection OK,2018-04-25
3030255948,SRS READY,SOM165,SOMATOM 2,CT,SAO PAULO,SP,SÃO PAULO,Connection Expired (More than 30 days),2015-11-27
3015135133,SRS READY,ART113,ARTIS 3,AXA,SAO PAULO,SP,SÃO PAULO,Connection OK,2010-09-29
3044546402,SRS READY,SOM167,SOMATOM 4,CT,SAO PAULO,SP,SÃO PAULO,Connection OK,2019-11-21
3017221383,SRS READY,SYN173,SYNGO 1,SY,SAO PAULO,SP,SÃO PAULO,Connection Expired (More than 30 days),2010-09-29
3037393882,SRS READY,MAM137,MAMMOMAT 1,XP WH,BRASILIA,DF,CENTRO,Connection Expired (More than 30 days),2017-11-22
3031306506,SRS READY,YSI176,YSIO,XP RF,SAO PAULO,SP,SÃO PAULO,Connection Expired (More than 30 days),2015-12-21
3018285327,SRS READY,NUC151,NUCLEAR 4,MI PET,SALVADOR,BA,NORDESTE,Connection Expired (More than 30 days),2011-10-24
3025689172,SRS READY,MAG121,MAGNETOM 4,MR,SAO JOSE DOS CAMPOS,SP,SÃO PAULO,Connection OK,2013-08-14
3041335185,SRS READY,MAG118,MAGNETOM 1,MR,CURITIBA,PR,SUL,Connection OK,2019-04-03
3014274943,SRS READY,NUC152,NUCLEAR 5,MI SPECT,BRASILIA,DF,CENTRO,Connection Expired (More than 30 days),2010-07-22
3036493172,SRS READY,MAG130,MAGNETON 13,MR,LIMEIRA,SP,SÃO PAULO INTERIOR,Connection OK,2017-11-23
3009636502,NOT CONNECTED,SOM168,SOMATOM 5,CT,BELEM,PA,CENTRO,Connection Expired (More than 30 days),2008-11-06
3034496052,SRS READY,MAG124,MAGNETOM 7,MR,BARUERI,SP,SÃO PAULO,Connection OK,2017-01-20
3046059308,SRS READY,SYN175,SYNGO 3,SY,GOIANIA,GO,CENTRO,Connection OK,2020-04-07
3031603289,SRS READY,NUC153,NUCLEAR 6,MI PET,RIO DE JANEIRO,RJ,RIO DE JANEIRO,Connection OK,2016-01-10
3003362696,SRS READY,ART115,ARTIS 5,AXA,PRESIDENTE PRUDENTE,SP,SÃO PAULO INTERIOR,Connection OK,2005-03-30
3033209309,SRS READY,NUC153,NUCLEAR 6,MI PET,SAO PAULO,SP,SÃO PAULO,Connection OK,2016-08-18
3038175403,SRS READY,MAG125,MAGNETOM 8,MR,JOINVILLE,SC,SUL,Connection OK,2018-01-29
3007607539,SRS READY,MAG126,MAGNETOM 9,MR,RECIFE,PE,NORDESTE,Connection OK,2008-02-28
3036455295,SRS READY,MAG120,MAGNETOM 3,MR,BLUMENAU,SC,SUL,Connection OK,2017-12-28
3010567197,CONNECTED BUT NOT SRS READY,LUM117,LUMINOS,XP RF,BELO HORIZONTE,MG,CENTRO,Connection OK,2009-05-27
3010057229,CONNECTED BUT NOT SRS READY,ARC110,ARCADIS,AXA SU,SAO PAULO,SP,SÃO PAULO,Connection Expired (More than 30 days),2009-03-25
3035364374,SRS READY,MAG129,MAGNETON 12,MR,MANAUS,AM,CENTRO,Connection OK,2017-05-02
3014567563,NOT CONNECTED,ARC110,ARCADIS,AXA SU,SAO PAULO,SP,SÃO PAULO,Connection Expired (More than 30 days),2010-09-16
3034509971,SRS READY,SOM157,SOMATOM 1,CT,BELO HORIZONTE,MG,CENTRO,Connection Expired (More than 30 days),2017-01-24
3033394554,SRS READY,LUM117,LUMINOS,XP RF,RIO DE JANEIRO,RJ,RIO DE JANEIRO,Connection Expired (More than 30 days),2016-08-18
3011753750,SRS READY,ART111,ARTIS 1,AXA,VITORIA,ES,RIO DE JANEIRO,Connection OK,2009-11-26
3026961890,CONNECTED BUT NOT SRS READY,SOM157,SOMATOM 1,CT,FORMIGA,MG,CENTRO,Connection Expired (More than 30 days),2014-03-31
3028609102,SRS READY,NUC143,NUCLEAR 1,MI PET,NATAL,RN,NORDESTE,Connection Expired (More than 30 days),2014-12-03
3047333273,NOT CONNECTED,ACU102,ACUSON 2,US,SAO PAULO,SP,SÃO PAULO,Connection Expired (More than 30 days),2020-09-10
3027958908,SRS READY,SOM157,SOMATOM 1,CT,ARARAQUARA,SP,SÃO PAULO INTERIOR,Connection OK,2014-10-04
3018979875,SRS READY,ACU103,ACUSON 3,US,PORTO ALEGRE,RS,SUL,Connection Expired (More than 30 days),2012-05-07
3028936151,SRS READY,ART112,ARTIS 2,AXA,CAMPINAS,SP,SÃO PAULO INTERIOR,Connection OK,2015-10-26
3033224609,SRS READY,MAG127,MAGNETON 10,MR,RIO DE JANEIRO,RJ,RIO DE JANEIRO,Connection Expired (More than 30 days),2016-07-05
3010151525,SRS READY,MAG119,MAGNETOM 2,MR,SANTA CRUZ DO SUL,RS,SUL,Connection OK,2009-01-21
3043165634,SRS READY,MAG119,MAGNETOM 2,MR,CABO FRIO,RJ,RIO DE JANEIRO,Connection OK,2019-07-08
3030256060,SRS READY,SOM165,SOMATOM 2,CT,TRES LAGOAS,MS,SÃO PAULO INTERIOR,Connection OK,2015-11-09
3017234782,SRS READY,SYN173,SYNGO 1,SY,MACEIO,AL,NORDESTE,Connection OK,2011-07-22
3037396170,SRS READY,MAM137,MAMMOMAT 1,XP WH,BRASILIA,DF,CENTRO,Connection Expired (More than 30 days),2017-11-28
3023884805,SRS READY,SOM166,SOMATOM 3,CT,PALMEIRA DOS INDIOS,AL,NORDESTE,Connection Expired (More than 30 days),2013-07-15
3038445354,NOT CONNECTED,ART112,ARTIS 2,AXA,RIO DE JANEIRO,RJ,RIO DE JANEIRO,Connection Expired (More than 30 days),2018-03-02
3020646942,SRS READY,SOM169,SOMATOM 6,CT,VITORIA,ES,RIO DE JANEIRO,Connection Expired (More than 30 days),2012-05-03
3046948996,SRS READY,MAG123,MAGNETOM 6,MR,SAO PAULO,SP,SÃO PAULO,Connection OK,2020-07-30
3024784048,SRS READY,NUC151,NUCLEAR 4,MI PET,UBERLANDIA,MG,SÃO PAULO INTERIOR,Connection OK,2013-04-25
3028067988,SRS READY,MAG121,MAGNETOM 4,MR,BELO HORIZONTE,MG,CENTRO,Connection OK,2014-05-22
3041692762,SRS READY,MAG118,MAGNETOM 1,MR,CURITIBA,PR,SUL,Connection OK,2019-01-23
3014985585,SRS READY,NUC152,NUCLEAR 5,MI SPECT,MARINGA,PR,SUL,Connection Expired (More than 30 days),2010-09-24
3004787747,SRS READY,ART115,ARTIS 5,AXA,FLORIANOPOLIS,SC,SUL,Connection Expired (More than 30 days),2006-02-20
3036924827,SRS READY,MAG130,MAGNETON 13,MR,CAMPO GRANDE,MS,SÃO PAULO INTERIOR,Connection OK,2017-08-26
3011557030,SRS READY,SOM168,SOMATOM 5,CT,MARINGA,PR,SUL,Connection OK,2010-02-11
3034514554,SRS READY,MAG124,MAGNETOM 7,MR,RIO DE JANEIRO,RJ,RIO DE JANEIRO,Connection OK,2017-06-01
3049070692,CONNECTED BUT NOT SRS READY,SYN175,SYNGO 3,SY,SAO PAULO,SP,SÃO PAULO,Connection Expired (More than 30 days),2021-03-19
3031876368,SRS READY,NUC153,NUCLEAR 6,MI PET,PRESIDENTE PRUDENTE,SP,SÃO PAULO INTERIOR,Connection Expired (More than 30 days),2015-12-20
3005394339,SRS READY,ART115,ARTIS 5,AXA,IJUI,RS,SUL,Connection Expired (More than 30 days),2006-08-17
3022939256,SRS READY,ART111,ARTIS 1,AXA,RECIFE,PE,NORDESTE,Connection OK,2012-09-27
3043965834,SRS READY,SOM171,SOMATOM 8,CT,BARRETOS,SP,SÃO PAULO INTERIOR,Connection Expired (More than 30 days),2019-09-23
3017596116,SRS READY,NUC154,NUCLEAR 7,MI PET,BAURU,SP,SÃO PAULO INTERIOR,Connection OK,2011-08-24
3007836038,SRS READY,MAG126,MAGNETOM 9,MR,SÃO PAULO,SP,SÃO PAULO,Connection OK,2007-12-10
3038090593,CONNECTED BUT NOT SRS READY,MAG120,MAGNETOM 3,MR,BAURU,SP,SÃO PAULO INTERIOR,Connection OK,2018-01-02
3010610845,CONNECTED BUT NOT SRS READY,LUM117,LUMINOS,XP RF,BRASILIA,DF,CENTRO,Connection OK,2009-10-16
3010169512,SRS READY,SOM169,SOMATOM 6,CT,SAO PAULO,SP,SÃO PAULO,Connection Expired (More than 30 days),2009-11-05
3035890782,SRS READY,MAG129,MAGNETON 12,MR,BELO HORIZONTE,MG,CENTRO,Connection OK,2017-05-25
3024859726,SRS READY,SOM169,SOMATOM 6,CT,BETIM,MG,CENTRO,Connection OK,2013-07-17
3021175079,NOT CONNECTED,ARC110,ARCADIS,AXA SU,SAO PAULO,SP,SÃO PAULO,Connection Expired (More than 30 days),2012-03-24
3012187378,SRS READY,ART111,ARTIS 1,AXA,PORTO ALEGRE,RS,SUL,Connection Expired (More than 30 days),2010-04-06
3034671514,SRS READY,SOM165,SOMATOM 2,CT,BELEM,PA,CENTRO,Connection OK,2017-03-20
3033058831,NOT CONNECTED,NUC143,NUCLEAR 1,MI PET,MANAUS,AM,CENTRO,Connection Expired (More than 30 days),2016-05-09
3028020664,SRS READY,SOM157,SOMATOM 1,CT,RIO DE JANEIRO,RJ,RIO DE JANEIRO,Connection Expired (More than 30 days),2014-08-04
3004219448,SRS READY,MAG118,MAGNETOM 1,MR,GOIANIA,GO,CENTRO,Connection OK,2005-12-04
3029480322,SRS READY,ART112,ARTIS 2,AXA,SAO CARLOS,SP,SÃO PAULO INTERIOR,Connection OK,2015-12-23
3043291920,SRS READY,MAG119,MAGNETOM 2,MR,PETROPOLIS,RJ,RIO DE JANEIRO,Connection OK,2019-07-17
3024975188,SRS READY,NUC149,NUCLEAR 2,MI SPECT,SAO PAULO,SP,SÃO PAULO,Connection OK,2013-05-16
3036046458,SRS READY,MUL142,MULTIX,XP RF,SAO PAULO,SP,SÃO PAULO,Connection OK,2017-08-14
3005764841,NOT CONNECTED,ART115,ARTIS 5,AXA,RIO DE JANEIRO,RJ,RIO DE JANEIRO,Connection Expired (More than 30 days),2008-04-13
3030256142,SRS READY,SOM165,SOMATOM 2,CT,CANOAS,RS,SUL,Connection Expired (More than 30 days),2015-10-27
3020108427,SRS READY,ART113,ARTIS 3,AXA,RIO DE JANEIRO,RJ,RIO DE JANEIRO,Connection Expired (More than 30 days),2011-12-15
3017235631,SRS READY,SYN173,SYNGO 1,SY,TERESINA,PI,NORDESTE,Connection OK,2011-03-18
3039855250,SRS READY,MAM137,MAMMOMAT 1,XP WH,ITATIBA,SP,SÃO PAULO INTERIOR,Connection Expired (More than 30 days),2018-07-04
3025957184,CONNECTED BUT NOT SRS READY,SOM166,SOMATOM 3,CT,INDAIATUBA,SP,SÃO PAULO INTERIOR,Connection OK,2014-04-30
3024452528,SRS READY,SOM169,SOMATOM 6,CT,RIO DE JANEIRO,RJ,RIO DE JANEIRO,Connection Expired (More than 30 days),2013-02-27
5000279357,SRS READY,NUC148,NUCLEAR 14,MI SPECT,SALVADOR,BA,NORDESTE,Connection OK,2005-07-26
3006669616,SRS READY,MAG122,MAGNETOM 5,MR,GOIANA,PE,NORDESTE,Connection OK,2018-11-14
3015560463,SRS READY,NUC152,NUCLEAR 5,MI SPECT,JOAO PESSOA,PB,NORDESTE,Connection OK,2010-11-11
3005933742,SRS READY,ART115,ARTIS 5,AXA,SANTAREM,PA,CENTRO,Connection Expired (More than 30 days),2007-02-28
3038247957,SRS READY,MAG130,MAGNETON 13,MR,GOIANIA,GO,CENTRO,Connection OK,2018-01-15
3011950190,SRS READY,SOM168,SOMATOM 5,CT,PASSO FUNDO,RS,SUL,Connection OK,2010-01-15
3034597211,SRS READY,MAG124,MAGNETOM 7,MR,LAURO DE FREITAS,BA,NORDESTE,Connection OK,2016-11-04
3049325844,CONNECTED BUT NOT SRS READY,SYN175,SYNGO 3,SY,BAURU,SP,SÃO PAULO INTERIOR,Connection Expired (More than 30 days),2021-04-08
3032175443,SRS READY,NUC153,NUCLEAR 6,MI PET,CAMPINAS,SP,SÃO PAULO INTERIOR,Connection OK,2016-01-22
3023820393,SRS READY,ART111,ARTIS 1,AXA,RECIFE,PE,NORDESTE,Connection OK,2012-11-06
3040120539,CONNECTED BUT NOT SRS READY,MAG125,MAGNETOM 8,MR,SAO PAULO,SP,SÃO PAULO,Connection OK,2018-07-24
3042160513,SRS READY,MAG131,MAGNETON 14,MR,SANTOS,SP,SÃO PAULO,Connection OK,2019-03-12
3008185795,SRS READY,MAG126,MAGNETOM 9,MR,SÃO PAULO,SP,SÃO PAULO,Connection OK,2008-04-01
3038614360,SRS READY,MAG120,MAGNETOM 3,MR,ARACATUBA,SP,SÃO PAULO INTERIOR,Connection OK,2018-03-09
3014863272,CONNECTED BUT NOT SRS READY,LUM117,LUMINOS,XP RF,SAO PAULO,SP,SÃO PAULO,Connection Expired (More than 30 days),2010-07-29
3036634687,SRS READY,MAG129,MAGNETON 12,MR,FEIRA DE SANTANA,BA,NORDESTE,Connection OK,2017-08-21
3021328345,NOT CONNECTED,ARC110,ARCADIS,AXA SU,SAO PAULO,SP,SÃO PAULO,Connection Expired (More than 30 days),2012-03-28
3038586291,SRS READY,LUM117,LUMINOS,XP RF,SAO PAULO,SP,SÃO PAULO,Connection Expired (More than 30 days),2018-03-05
3012300564,SRS READY,ART111,ARTIS 1,AXA,SAO PAULO,SP,SÃO PAULO,Connection OK,2010-03-05
3034671516,SRS READY,SOM165,SOMATOM 2,CT,MONTES CLAROS,MG,CENTRO,Connection Expired (More than 30 days),2017-05-16
3020049817,SRS READY,NUC143,NUCLEAR 1,MI PET,SAO BERNARDO DO CAMPO,SP,SÃO PAULO,Connection OK,2012-02-23
3028503022,SRS READY,MAG118,MAGNETOM 1,MR,NATAL,RN,NORDESTE,Connection OK,2014-07-21
3028710869,CONNECTED BUT NOT SRS READY,SOM157,SOMATOM 1,CT,SAO JOSE DO RIO PRETO,SP,SÃO PAULO INTERIOR,Connection OK,2015-02-26
3004929260,SRS READY,MAG118,MAGNETOM 1,MR,PASSO FUNDO,RS,SUL,Connection OK,2006-04-03
3030322883,SRS READY,ART112,ARTIS 2,AXA,BRASILIA,DF,CENTRO,Connection Expired (More than 30 days),2015-12-17
3013933296,SRS READY,MAG119,MAGNETOM 2,MR,SALVADOR,BA,NORDESTE,Connection OK,2010-07-30
3043604969,SRS READY,MAG119,MAGNETOM 2,MR,CAMPO GRANDE,MS,SÃO PAULO INTERIOR,Connection OK,2019-08-15
3006585086,SRS READY,ART115,ARTIS 5,AXA,SALVADOR,BA,NORDESTE,Connection OK,2007-06-13
3030256185,SRS READY,SOM165,SOMATOM 2,CT,DIVINOPOLIS,MG,CENTRO,Connection OK,2015-09-24
3001579746,SRS READY,MAG132,MAGNETON 15,MR,LIMEIRA,SP,SÃO PAULO INTERIOR,Connection OK,2009-12-28
3006261393,SRS READY,SOM166,SOMATOM 3,CT,JUIZ DE FORA,MG,RIO DE JANEIRO,Connection OK,2007-03-20
3017235835,SRS READY,SYN173,SYNGO 1,SY,SAO PAULO,SP,SÃO PAULO,Connection OK,2011-03-18
3019881447,SRS READY,SOM172,SOMATOM 9,CT,PORTO VELHO,RO,CENTRO,Connection Expired (More than 30 days),2013-01-14
3024462248,SRS READY,SOM169,SOMATOM 6,CT,RIO DE JANEIRO,RJ,RIO DE JANEIRO,Connection Expired (More than 30 days),2013-05-16
5000602130,NOT CONNECTED,NUC148,NUCLEAR 14,MI SPECT,RIO DE JANEIRO,RJ,RIO DE JANEIRO,Connection Expired (More than 30 days),2007-03-22
3049255691,CONNECTED BUT NOT SRS READY,MAM138,MAMMOMAT 2,XP WH,FORTALEZA,CE,NORDESTE,Connection Expired (More than 30 days),2021-04-15
3016567371,SRS READY,NUC152,NUCLEAR 5,MI SPECT,MACEIO,AL,NORDESTE,Connection On Risk (No Data from Last 30 days),2011-01-09
3040738951,SRS READY,MAG130,MAGNETON 13,MR,JOINVILLE,SC,SUL,Connection Expired (More than 30 days),2018-12-26
3015209820,SRS READY,SOM168,SOMATOM 5,CT,MACEIO,AL,NORDESTE,Connection OK,2010-09-21
3034734807,SRS READY,MAG124,MAGNETOM 7,MR,RIO DE JANEIRO,RJ,RIO DE JANEIRO,Connection OK,2017-01-06
3033796937,SRS READY,NUC153,NUCLEAR 6,MI PET,JOAO PESSOA,PB,NORDESTE,Connection OK,2016-08-26
3009587146,SRS READY,ART115,ARTIS 5,AXA,DUQUE DE CAXIAS,RJ,RIO DE JANEIRO,Connection Expired (More than 30 days),2009-01-26
3024250520,SRS READY,ART111,ARTIS 1,AXA,SAO PAULO,SP,SÃO PAULO,Connection OK,2013-09-11
3047089523,CONNECTED BUT NOT SRS READY,MAG128,MAGNETON 11,MR,RIO DE JANEIRO,RJ,RIO DE JANEIRO,Connection Expired (More than 30 days),2020-08-19
3008310316,SRS READY,MAG126,MAGNETOM 9,MR,BARUERI,SP,SÃO PAULO,Connection OK,2008-04-11
3038949211,SRS READY,MAG120,MAGNETOM 3,MR,CAXIAS DO SUL,RS,SUL,Connection OK,2019-03-27
3016709368,SRS READY,LUM117,LUMINOS,XP RF,SALVADOR,BA,NORDESTE,Connection OK,2011-02-18
3010824847,NOT CONNECTED,ARC110,ARCADIS,AXA SU,SAO JOSE DOS CAMPOS,SP,SÃO PAULO,Connection Expired (More than 30 days),2009-06-30
3011709468,SRS READY,SOM169,SOMATOM 6,CT,SAO PAULO,SP,SÃO PAULO,Connection OK,2010-02-28
3036634630,SRS READY,MAG129,MAGNETON 12,MR,SAO LUIS,MA,NORDESTE,Connection OK,2017-09-20
3027786664,NOT CONNECTED,ARC110,ARCADIS,AXA SU,PORTO ALEGRE,RS,SUL,Connection Expired (More than 30 days),2014-05-05
3012368271,SRS READY,ART111,ARTIS 1,AXA,PORTO ALEGRE,RS,SUL,Connection Expired (More than 30 days),2010-04-29
3022935176,SRS READY,NUC143,NUCLEAR 1,MI PET,PORTO ALEGRE,RS,SUL,Connection OK,2012-11-22
3046680079,SRS READY,MAG123,MAGNETOM 6,MR,PRESIDENTE PRUDENTE,SP,SÃO PAULO INTERIOR,Connection Expired (More than 30 days),2020-07-13
3028619963,SRS READY,MAG118,MAGNETOM 1,MR,BRASILIA,DF,CENTRO,Connection OK,2014-08-14
3028718136,SRS READY,SOM157,SOMATOM 1,CT,ASSIS,SP,SÃO PAULO INTERIOR,Connection Expired (More than 30 days),2015-01-13
3005243566,SRS READY,MAG118,MAGNETOM 1,MR,VITORIA,ES,RIO DE JANEIRO,Connection OK,2006-09-21
3030518271,SRS READY,ART112,ARTIS 2,AXA,CAMPO GRANDE,MS,SÃO PAULO INTERIOR,Connection OK,2015-12-23
3015255892,SRS READY,MAG119,MAGNETOM 2,MR,JACAREI,SP,SÃO PAULO,Connection OK,2011-09-14
3043695049,SRS READY,MAG119,MAGNETOM 2,MR,SALVADOR,BA,NORDESTE,Connection OK,2019-08-27
3027760366,SRS READY,NUC149,NUCLEAR 2,MI SPECT,BELO HORIZONTE,MG,CENTRO,Connection OK,2014-04-30
3018335597,NOT CONNECTED,ARC110,ARCADIS,AXA SU,RIO DE JANEIRO,RJ,RIO DE JANEIRO,Connection Expired (More than 30 days),2011-08-24
3006779968,CONNECTED BUT NOT SRS READY,ART115,ARTIS 5,AXA,PORTO ALEGRE,RS,SUL,Connection OK,2007-07-18
3030666932,SRS READY,SOM165,SOMATOM 2,CT,HORTOLANDIA,SP,SÃO PAULO INTERIOR,Connection OK,2015-09-03
3024128406,SRS READY,ART113,ARTIS 3,AXA,PORTO ALEGRE,RS,SUL,Connection OK,2013-02-22
3033383167,SRS READY,ACU101,ACUSON 1,US,SAO JOSE DO RIO PRETO,SP,SÃO PAULO INTERIOR,Connection Expired (More than 30 days),2016-07-28
3018079736,SRS READY,SYN173,SYNGO 1,SY,SALVADOR,BA,NORDESTE,Connection OK,2012-01-18
3040209461,SRS READY,MAM137,MAMMOMAT 1,XP WH,LINHARES,ES,RIO DE JANEIRO,Connection Expired (More than 30 days),2018-08-06
3045723685,SRS READY,NUC150,NUCLEAR 3,MI PET,PORTO VELHO,RO,CENTRO,Connection OK,2020-03-13
3009348464,SRS READY,NUC144,NUCLEAR 10,MI SPECT,SAO PAULO,SP,SÃO PAULO,Connection OK,2008-11-30
3025317585,SRS READY,SOM169,SOMATOM 6,CT,PORTO ALEGRE,RS,SUL,Connection OK,2013-06-07
3047460163,SRS READY,MAG118,MAGNETOM 1,MR,JUIZ DE FORA,MG,RIO DE JANEIRO,Connection OK,2020-10-02
3016833044,SRS READY,NUC152,NUCLEAR 5,MI SPECT,JOAO PESSOA,PB,NORDESTE,Connection OK,2011-01-28
3015372907,SRS READY,SOM168,SOMATOM 5,CT,TERESINA,PI,NORDESTE,Connection OK,2010-09-21
3034917401,SRS READY,MAG124,MAGNETOM 7,MR,SAO PAULO,SP,SÃO PAULO,Connection OK,2017-06-26
3033810952,CONNECTED BUT NOT SRS READY,NUC153,NUCLEAR 6,MI PET,SAO PAULO,SP,SÃO PAULO,Connection OK,2016-08-26
3010292378,CONNECTED BUT NOT SRS READY,ART115,ARTIS 5,AXA,GUARULHOS,SP,SÃO PAULO,Connection Expired (More than 30 days),2009-04-21
3024538958,NOT CONNECTED,ART111,ARTIS 1,AXA,RIO DE JANEIRO,RJ,RIO DE JANEIRO,Connection Expired (More than 30 days),2013-04-25
3043682674,SRS READY,MAG131,MAGNETON 14,MR,GARIBALDI,RS,SUL,Connection OK,2019-08-16
3008366488,SRS READY,MAG126,MAGNETOM 9,MR,RECIFE,PE,NORDESTE,Connection OK,2008-03-27
3040356628,SRS READY,MAG120,MAGNETOM 3,MR,BRASILIA,DF,CENTRO,Connection OK,2019-02-11
3016721623,CONNECTED BUT NOT SRS READY,LUM117,LUMINOS,XP RF,BELO HORIZONTE,MG,CENTRO,Connection Expired (More than 30 days),2011-02-18
3012025357,CONNECTED BUT NOT SRS READY,ARC110,ARCADIS,AXA SU,RIO DE JANEIRO,RJ,RIO DE JANEIRO,Connection Expired (More than 30 days),2010-03-11
3012172293,SRS READY,SOM169,SOMATOM 6,CT,SAO PAULO,SP,SÃO PAULO,Connection Expired (More than 30 days),2010-04-29
3036635007,SRS READY,MAG129,MAGNETON 12,MR,SAO LUIS,MA,NORDESTE,Connection OK,2017-09-20
3031868249,NOT CONNECTED,ARC110,ARCADIS,AXA SU,RIO DE JANEIRO,RJ,RIO DE JANEIRO,Connection Expired (More than 30 days),2015-12-21
3043062910,CONNECTED BUT NOT SRS READY,LUM117,LUMINOS,XP RF,CHAPECO,SC,SUL,Connection Expired (More than 30 days),2019-08-14
3013392828,CONNECTED BUT NOT SRS READY,ART111,ARTIS 1,AXA,SAO PAULO,SP,SÃO PAULO,Connection Expired (More than 30 days),2010-05-26
3046818691,NOT CONNECTED,MAG123,MAGNETOM 6,MR,BELEM,PA,CENTRO,Connection Expired (More than 30 days),2020-07-22
3029005354,SRS READY,MAG118,MAGNETOM 1,MR,MOGI DAS CRUZES,SP,SÃO PAULO,Connection OK,2014-09-30
3029317000,SRS READY,SOM157,SOMATOM 1,CT,PETROPOLIS,RJ,RIO DE JANEIRO,Connection Expired (More than 30 days),2015-02-11
3030897910,SRS READY,ART112,ARTIS 2,AXA,SOROCABA,SP,SÃO PAULO INTERIOR,Connection OK,2015-12-19
3015761193,SRS READY,MAG119,MAGNETOM 2,MR,RIO DE JANEIRO,RJ,RIO DE JANEIRO,Connection OK,2010-11-17
3044483984,SRS READY,MAG119,MAGNETOM 2,MR,MATAO,SP,SÃO PAULO INTERIOR,Connection OK,2019-11-21
3028168152,CONNECTED BUT NOT SRS READY,NUC149,NUCLEAR 2,MI SPECT,SALVADOR,BA,NORDESTE,Connection Expired (More than 30 days),2014-07-22
3006813311,SRS READY,ART115,ARTIS 5,AXA,JUIZ DE FORA,MG,RIO DE JANEIRO,Connection Expired (More than 30 days),2007-07-13
3030672752,SRS READY,SOM165,SOMATOM 2,CT,RECIFE,PE,NORDESTE,Connection OK,2015-09-11
3024324906,SRS READY,ART113,ARTIS 3,AXA,SAO PAULO,SP,SÃO PAULO,Connection OK,2013-02-28
3033382494,CONNECTED BUT NOT SRS READY,ACU101,ACUSON 1,US,SAO CARLOS,SP,SÃO PAULO INTERIOR,Connection Expired (More than 30 days),2016-08-12
3040227029,SRS READY,MAM137,MAMMOMAT 1,XP WH,SAO PAULO,SP,SÃO PAULO,Connection Expired (More than 30 days),2018-08-14
3024429970,SRS READY,SOM172,SOMATOM 9,CT,MONTENEGRO,RS,SUL,Connection Expired (More than 30 days),2013-03-14
3015479214,SRS READY,NUC144,NUCLEAR 10,MI SPECT,SAO PAULO,SP,SÃO PAULO,Connection OK,2010-09-29
3025857219,SRS READY,SOM169,SOMATOM 6,CT,CASCAVEL,PR,SUL,Connection OK,2013-09-16
3011658862,SRS READY,SOM158,SOMATOM 10,CT,SAO PAULO,SP,SÃO PAULO,Connection OK,2010-03-20
3013917058,SRS READY,SOM166,SOMATOM 3,CT,SAO JOSE DOS CAMPOS,SP,SÃO PAULO,Connection Expired (More than 30 days),2010-05-31
3041694832,SRS READY,MAG130,MAGNETON 13,MR,FLORIANOPOLIS,SC,SUL,Connection OK,2019-01-28
3015426291,SRS READY,SOM168,SOMATOM 5,CT,SAO PAULO,SP,SÃO PAULO,Connection OK,2012-09-11
3034989599,SRS READY,MAG124,MAGNETOM 7,MR,NITEROI,RJ,RIO DE JANEIRO,Connection OK,2017-08-30
3034487355,SRS READY,NUC153,NUCLEAR 6,MI PET,BELO HORIZONTE,MG,CENTRO,Connection OK,2016-12-19
3024549811,SRS READY,ART111,ARTIS 1,AXA,RIO DE JANEIRO,RJ,RIO DE JANEIRO,Connection OK,2013-04-01
3044157216,SRS READY,MAG131,MAGNETON 14,MR,RIO DE JANEIRO,RJ,RIO DE JANEIRO,Connection OK,2019-10-02
3008575009,SRS READY,MAG126,MAGNETOM 9,MR,SAO PAULO,SP,SÃO PAULO,Connection OK,2008-04-23
3041046257,SRS READY,MAG120,MAGNETOM 3,MR,CHAPECO,SC,SUL,Connection OK,2019-03-29
3018199495,NOT CONNECTED,LUM117,LUMINOS,XP RF,CURITIBA,PR,SUL,Connection Expired (More than 30 days),2012-03-23
3012350403,SRS READY,ARC110,ARCADIS,AXA SU,SAO PAULO,SP,SÃO PAULO,Connection Expired (More than 30 days),2010-06-30
3038344402,SRS READY,MAG129,MAGNETON 12,MR,PASSO FUNDO,RS,SUL,Connection OK,2018-02-21
3025583456,SRS READY,SOM169,SOMATOM 6,CT,SAO PAULO,SP,SÃO PAULO,Connection Expired (More than 30 days),2013-10-08
3033852033,NOT CONNECTED,ARC110,ARCADIS,AXA SU,CURITIBA,PR,SUL,Connection Expired (More than 30 days),2016-10-24
3014204903,NOT CONNECTED,ART111,ARTIS 1,AXA,RIO DE JANEIRO,RJ,RIO DE JANEIRO,Connection Expired (More than 30 days),2010-06-21
3046894422,SRS READY,MAG123,MAGNETOM 6,MR,PORTO ALEGRE,RS,SUL,Connection OK,2020-07-27
3029130543,SRS READY,MAG118,MAGNETOM 1,MR,CATANDUVA,SP,SÃO PAULO INTERIOR,Connection OK,2014-10-22
3029534165,SRS READY,SOM157,SOMATOM 1,CT,TERESINA,PI,NORDESTE,Connection OK,2015-09-11
3005690047,SRS READY,MAG118,MAGNETOM 1,MR,BARUERI,SP,SÃO PAULO,Connection OK,2006-10-30
3027683815,NOT CONNECTED,ACU103,ACUSON 3,US,CHAPECO,SC,SUL,Connection Expired (More than 30 days),2014-08-29
3031684781,SRS READY,ART112,ARTIS 2,AXA,RIBEIRAO PRETO,SP,SÃO PAULO INTERIOR,Connection Expired (More than 30 days),2016-02-26
3045503171,SRS READY,MAG119,MAGNETOM 2,MR,TRES RIOS,RJ,RIO DE JANEIRO,Connection OK,2020-03-04
3028191250,SRS READY,NUC149,NUCLEAR 2,MI SPECT,SAO PAULO,SP,SÃO PAULO,Connection Expired (More than 30 days),2014-09-05
3007485720,SRS READY,ART115,ARTIS 5,AXA,MARINGA,PR,SUL,Connection Expired (More than 30 days),2008-01-25
3030974905,CONNECTED BUT NOT SRS READY,SOM165,SOMATOM 2,CT,SAO PAULO,SP,SÃO PAULO,Connection Expired (More than 30 days),2015-09-29
3026870472,SRS READY,ART113,ARTIS 3,AXA,RIO DE JANEIRO,RJ,RIO DE JANEIRO,Connection Expired (More than 30 days),2014-03-12
3033382573,CONNECTED BUT NOT SRS READY,ACU101,ACUSON 1,US,CAMPO GRANDE,MS,SÃO PAULO INTERIOR,Connection Expired (More than 30 days),2016-07-29
3007851385,CONNECTED BUT NOT SRS READY,SOM166,SOMATOM 3,CT,OURO PRETO,MG,CENTRO,Connection OK,2007-12-20
3018624709,SRS READY,SYN173,SYNGO 1,SY,SAO PAULO,SP,SÃO PAULO,Connection OK,2011-12-25
3028220554,SRS READY,SOM169,SOMATOM 6,CT,UMUARAMA,PR,SUL,Connection Expired (More than 30 days),2014-10-07
3042296300,SRS READY,MAM138,MAMMOMAT 2,XP WH,BELO HORIZONTE,MG,CENTRO,Connection OK,2019-08-05
3014291806,SRS READY,SOM158,SOMATOM 10,CT,SAO PAULO,SP,SÃO PAULO,Connection OK,2010-06-22
3034773832,SRS READY,LUM117,LUMINOS,XP RF,BRASILIA,DF,CENTRO,Connection Expired (More than 30 days),2016-12-19
3018823149,SRS READY,NUC152,NUCLEAR 5,MI SPECT,GOIANIA,GO,CENTRO,Connection Expired (More than 30 days),2011-09-12
3014244034,SRS READY,SOM166,SOMATOM 3,CT,GOIANIA,GO,CENTRO,Connection OK,2010-09-10
3044128731,SRS READY,MAG130,MAGNETON 13,MR,BRASILIA,DF,CENTRO,Connection OK,2019-10-08
3015922201,SRS READY,SOM168,SOMATOM 5,CT,BELO HORIZONTE,MG,CENTRO,Connection OK,2011-01-14
3035005500,SRS READY,MAG124,MAGNETOM 7,MR,NITEROI,RJ,RIO DE JANEIRO,Connection OK,2017-04-06
3032721381,CONNECTED BUT NOT SRS READY,MAM139,MAMMOMAT 3,XP WH,SAO PAULO,SP,SÃO PAULO,Connection Expired (More than 30 days),2017-02-17
3024697621,SRS READY,ART111,ARTIS 1,AXA,SAO PAULO,SP,SÃO PAULO,Connection OK,2013-11-05
3047275066,SRS READY,MAG131,MAGNETON 14,MR,SAO PAULO,SP,SÃO PAULO INTERIOR,Connection OK,2020-09-16
3008935035,SRS READY,MAG126,MAGNETOM 9,MR,VILA VELHA,ES,RIO DE JANEIRO,Connection Expired (More than 30 days),2008-09-17
3018872106,SRS READY,LUM117,LUMINOS,XP RF,UBERLANDIA,MG,SÃO PAULO INTERIOR,Connection OK,2011-10-24
3038444091,SRS READY,MAG129,MAGNETON 12,MR,RECIFE,PE,NORDESTE,Connection OK,2018-03-14
3025589970,SRS READY,SOM169,SOMATOM 6,CT,UBERLANDIA,MG,SÃO PAULO INTERIOR,Connection OK,2013-09-24
3018279732,SRS READY,NUC153,NUCLEAR 6,MI PET,SAO PAULO,SP,SÃO PAULO,Connection OK,2011-07-08
3015071488,SRS READY,ART111,ARTIS 1,AXA,TERESINA,PI,NORDESTE,Connection OK,2010-11-11
3036186938,SRS READY,SOM165,SOMATOM 2,CT,SAO PAULO,SP,SÃO PAULO,Connection OK,2017-09-27
3046959312,SRS READY,MAG123,MAGNETOM 6,MR,BRASILIA,DF,CENTRO,Connection OK,2020-08-04
3029735123,SRS READY,MAG118,MAGNETOM 1,MR,BELEM,PA,CENTRO,Connection OK,2015-03-13
3029594505,SRS READY,SOM157,SOMATOM 1,CT,CURITIBA,PR,SUL,Connection OK,2015-09-01
3005939888,SRS READY,MAG118,MAGNETOM 1,MR,MACAE,RJ,RIO DE JANEIRO,Connection OK,2007-02-25
3032460640,NOT CONNECTED,ACU103,ACUSON 3,US,SAO PAULO,SP,SÃO PAULO,Connection Expired (More than 30 days),2016-09-28
3031707477,CONNECTED BUT NOT SRS READY,ART112,ARTIS 2,AXA,SANTOS,SP,SÃO PAULO,Connection Expired (More than 30 days),2016-05-11
3015108096,CONNECTED BUT NOT SRS READY,MAG119,MAGNETOM 2,MR,RIO DE JANEIRO,RJ,RIO DE JANEIRO,Connection OK,2010-09-16
3048820494,NOT CONNECTED,MAG119,MAGNETOM 2,MR,RIO DE JANEIRO,RJ,RIO DE JANEIRO,Connection Expired (More than 30 days),2021-04-15
3008148815,SRS READY,ART115,ARTIS 5,AXA,UBERLANDIA,MG,SÃO PAULO INTERIOR,Connection Expired (More than 30 days),2008-04-20
3018282157,NOT CONNECTED,ACU104,ACUSON 4,US,SAO PAULO,SP,SÃO PAULO,Connection Expired (More than 30 days),2017-02-23
3028283531,SRS READY,ART113,ARTIS 3,AXA,RECIFE,PE,NORDESTE,Connection OK,2014-08-26
3007886535,CONNECTED BUT NOT SRS READY,SOM166,SOMATOM 3,CT,PORTO ALEGRE,RS,SUL,Connection OK,2009-08-29
3020965382,SRS READY,SYN173,SYNGO 1,SY,ARACAJU,SE,NORDESTE,Connection OK,2012-02-20
3007678919,SRS READY,MAG122,MAGNETOM 5,MR,CARANGOLA,MG,RIO DE JANEIRO,Connection OK,2008-05-21
3025897153,SRS READY,SOM158,SOMATOM 10,CT,SAO PAULO,SP,SÃO PAULO,Connection OK,2013-10-08
3018870417,NOT CONNECTED,NUC152,NUCLEAR 5,MI SPECT,PONTA GROSSA,PR,SUL,Connection Expired (More than 30 days),2011-09-15
3014873347,SRS READY,SOM166,SOMATOM 3,CT,PORTO ALEGRE,RS,SUL,Connection Expired (More than 30 days),2010-08-18
3017241797,NOT CONNECTED,SOM168,SOMATOM 5,CT,RIO DE JANEIRO,RJ,RIO DE JANEIRO,Connection Expired (More than 30 days),2013-12-20
3035106951,SRS READY,MAG124,MAGNETOM 7,MR,SAO PAULO,SP,SÃO PAULO,Connection OK,2017-03-24
3012203240,CONNECTED BUT NOT SRS READY,MAG122,MAGNETOM 5,MR,BOA VISTA,RR,CENTRO,Connection Expired (More than 30 days),2010-04-28
3032791980,SRS READY,MAM139,MAMMOMAT 3,XP WH,PARAISO DO TOCANTINS,TO,CENTRO,Connection Expired (More than 30 days),2019-02-12
3024722948,SRS READY,ART111,ARTIS 1,AXA,FLORIANOPOLIS,SC,SUL,Connection OK,2013-03-28
3018193852,SRS READY,MAG125,MAGNETOM 8,MR,CURITIBA,PR,SUL,Connection OK,2011-06-14
3047275677,SRS READY,MAG131,MAGNETON 14,MR,ANANINDEUA,PA,CENTRO,Connection Expired (More than 30 days),2020-09-15
3009134397,SRS READY,MAG126,MAGNETOM 9,MR,JUIZ DE FORA,MG,RIO DE JANEIRO,Connection OK,2008-08-31
3018906108,SRS READY,LUM117,LUMINOS,XP RF,BRASILIA,DF,CENTRO,Connection OK,2012-03-20
3014932150,CONNECTED BUT NOT SRS READY,ARC110,ARCADIS,AXA SU,SAO PAULO,SP,SÃO PAULO,Connection Expired (More than 30 days),2010-10-06
3013933542,NOT CONNECTED,SOM169,SOMATOM 6,CT,RIO DE JANEIRO,RJ,RIO DE JANEIRO,Connection Expired (More than 30 days),2011-08-10
3038497182,SRS READY,MAG129,MAGNETON 12,MR,RECIFE,PE,NORDESTE,Connection OK,2018-03-14
3025591574,SRS READY,SOM169,SOMATOM 6,CT,PORTO ALEGRE,RS,SUL,Connection Expired (More than 30 days),2013-11-07
3045838195,NOT CONNECTED,MOB141,MOBILLET,XP SU,SAO PAULO,SP,SÃO PAULO,Connection Expired (More than 30 days),2020-03-30
3018301016,SRS READY,NUC153,NUCLEAR 6,MI PET,SAO PAULO,SP,SÃO PAULO,Connection OK,2011-07-08
3015331290,SRS READY,ART111,ARTIS 1,AXA,RECIFE,PE,NORDESTE,Connection OK,2010-11-11
3036186940,SRS READY,SOM165,SOMATOM 2,CT,FLORIANOPOLIS,SC,SUL,Connection OK,2017-08-24
3047443224,SRS READY,MAG123,MAGNETOM 6,MR,BELEM,PA,CENTRO,Connection OK,2020-10-12
3033385790,CONNECTED BUT NOT SRS READY,ACU105,ACUSON 5,US,SAO JOSE DO RIO PRETO,SP,SÃO PAULO INTERIOR,Connection Expired (More than 30 days),2016-12-26
3030077681,SRS READY,SOM157,SOMATOM 1,CT,ERECHIM,RS,SUL,Connection OK,2015-06-15
3006689028,SRS READY,MAG118,MAGNETOM 1,MR,FLORIANOPOLIS,SC,SUL,Connection OK,2007-06-21
3031858638,SRS READY,ART112,ARTIS 2,AXA,TERESINA,PI,NORDESTE,Connection OK,2016-05-23
3015621568,SRS READY,MAG119,MAGNETOM 2,MR,GOIANIA,GO,CENTRO,Connection OK,2010-10-22
3034562017,SRS READY,MAG119,MAGNETOM 2,MR,SAO PAULO,SP,SÃO PAULO,Connection OK,2017-02-08
3025983704,CONNECTED BUT NOT SRS READY,ARC110,ARCADIS,AXA SU,SAO PAULO,SP,SÃO PAULO,Connection Expired (More than 30 days),2013-09-24
3008382017,SRS READY,ART115,ARTIS 5,AXA,SAO PAULO,SP,SÃO PAULO,Connection Expired (More than 30 days),2008-07-30
3030974909,SRS READY,SOM165,SOMATOM 2,CT,UBA,MG,RIO DE JANEIRO,Connection OK,2015-09-28
3029548767,SRS READY,ART113,ARTIS 3,AXA,SAO PAULO,SP,SÃO PAULO,Connection OK,2015-04-30
3027849746,NOT CONNECTED,ACU106,ACUSON 6,US,SALVADOR,BA,NORDESTE,Connection Expired (More than 30 days),2014-09-01
3040639083,SRS READY,MAM137,MAMMOMAT 1,XP WH,VOLTA REDONDA,RJ,RIO DE JANEIRO,Connection Expired (More than 30 days),2018-12-12
3019883747,SRS READY,NUC151,NUCLEAR 4,MI PET,BELEM,PA,CENTRO,Connection OK,2012-02-23
3022193000,CONNECTED BUT NOT SRS READY,ACU107,ACUSON 7,US,PRESIDENTE PRUDENTE,SP,SÃO PAULO INTERIOR,Connection Expired (More than 30 days),2012-08-16
3026648830,SRS READY,SOM158,SOMATOM 10,CT,BRASILIA,DF,CENTRO,Connection OK,2014-01-31
3020304829,SRS READY,NUC152,NUCLEAR 5,MI SPECT,SALVADOR,BA,NORDESTE,Connection OK,2012-03-29
3032107851,SRS READY,MAG130,MAGNETON 13,MR,RONDONOPOLIS,MT,CENTRO,Connection OK,2016-11-26
3018405105,SRS READY,SOM168,SOMATOM 5,CT,RECIFE,PE,NORDESTE,Connection Expired (More than 30 days),2011-08-10
3018212690,SRS READY,MAG124,MAGNETOM 7,MR,SALVADOR,BA,NORDESTE,Connection OK,2011-10-31
3033319458,SRS READY,MAM139,MAMMOMAT 3,XP WH,PORTO ALEGRE,RS,SUL,Connection On Risk (No Data from Last 30 days),2016-06-20
3023514531,SRS READY,MAG125,MAGNETOM 8,MR,PASSO FUNDO,RS,SUL,Connection OK,2012-11-28
3047245895,NOT CONNECTED,MAG131,MAGNETON 14,MR,OLIMPIA,SP,SÃO PAULO INTERIOR,Connection Expired (More than 30 days),2020-09-03
3009330920,SRS READY,MAG126,MAGNETOM 9,MR,RIO DE JANEIRO,RJ,RIO DE JANEIRO,Connection OK,2008-10-11
3042340315,SRS READY,MAG120,MAGNETOM 3,MR,GOIANIA,GO,CENTRO,Connection OK,2019-04-04
3021002512,SRS READY,LUM117,LUMINOS,XP RF,SALVADOR,BA,NORDESTE,Connection OK,2012-06-14
3016274725,CONNECTED BUT NOT SRS READY,ARC110,ARCADIS,AXA SU,BELO HORIZONTE,MG,CENTRO,Connection Expired (More than 30 days),2010-12-29
3013934209,SRS READY,SOM169,SOMATOM 6,CT,RIO DE JANEIRO,RJ,RIO DE JANEIRO,Connection OK,2013-05-13
3045839405,NOT CONNECTED,MOB141,MOBILLET,XP SU,PORTO ALEGRE,RS,SUL,Connection Expired (More than 30 days),2020-04-13
3024359775,SRS READY,NUC153,NUCLEAR 6,MI PET,SAO PAULO,SP,SÃO PAULO INTERIOR,Connection OK,2013-02-02
3041514762,SRS READY,SOM159,SOMATOM 11,CT,INDAIATUBA,SP,SÃO PAULO INTERIOR,Connection OK,2019-06-18
3015574697,SRS READY,ART111,ARTIS 1,AXA,SAO PAULO,SP,SÃO PAULO,Connection Expired (More than 30 days),2010-10-13
3047570003,SRS READY,MAG123,MAGNETOM 6,MR,PORTO VELHO,RO,CENTRO,Connection OK,2020-10-26
3033394030,CONNECTED BUT NOT SRS READY,ACU105,ACUSON 5,US,SANTOS,SP,SÃO PAULO,Connection Expired (More than 30 days),2016-12-02
3030255868,SRS READY,SOM157,SOMATOM 1,CT,SAO PAULO,SP,SÃO PAULO,Connection OK,2015-11-05
3007709600,SRS READY,MAG118,MAGNETOM 1,MR,PRESIDENTE PRUDENTE,SP,SÃO PAULO INTERIOR,Connection Expired (More than 30 days),2008-01-11
3032455897,SRS READY,ART112,ARTIS 2,AXA,MOGI MIRIM,SP,SÃO PAULO INTERIOR,Connection OK,2016-09-27
3035487727,SRS READY,MAG119,MAGNETOM 2,MR,CHAPECO,SC,SUL,Connection OK,2017-03-30
3008380072,NOT CONNECTED,ART115,ARTIS 5,AXA,SAO PAULO,SP,SÃO PAULO,Connection Expired (More than 30 days),2008-08-29
3031255379,SRS READY,SOM165,SOMATOM 2,CT,JI-PARANA,RO,CENTRO,Connection OK,2015-11-16
3018324030,NOT CONNECTED,ACU104,ACUSON 4,US,SAO PAULO,SP,SÃO PAULO,Connection Expired (More than 30 days),2012-03-30
3031618411,SRS READY,ART113,ARTIS 3,AXA,RIO DE JANEIRO,RJ,RIO DE JANEIRO,Connection Expired (More than 30 days),2015-12-21
3025600817,SRS READY,SYN173,SYNGO 1,SY,BAURU,SP,SÃO PAULO INTERIOR,Connection OK,2015-12-15
3020046926,CONNECTED BUT NOT SRS READY,NUC151,NUCLEAR 4,MI PET,SAO JOSE DOS CAMPOS,SP,SÃO PAULO,Connection Expired (More than 30 days),2012-08-24
3044110508,CONNECTED BUT NOT SRS READY,MAM138,MAMMOMAT 2,XP WH,SANTOS,SP,SÃO PAULO,Connection OK,2019-10-15
3019574724,CONNECTED BUT NOT SRS READY,ACU107,ACUSON 7,US,SALVADOR,BA,NORDESTE,Connection Expired (More than 30 days),2012-06-19
3026945269,SRS READY,SOM158,SOMATOM 10,CT,RIO DE JANEIRO,RJ,RIO DE JANEIRO,Connection OK,2014-03-18
3021149540,SRS READY,NUC152,NUCLEAR 5,MI SPECT,PRESIDENTE PRUDENTE,SP,SÃO PAULO INTERIOR,Connection Expired (More than 30 days),2012-04-23
3018467750,SRS READY,SOM168,SOMATOM 5,CT,DUQUE DE CAXIAS,RJ,RIO DE JANEIRO,Connection OK,2012-04-10
3026025523,SRS READY,MAG124,MAGNETOM 7,MR,BELO HORIZONTE,MG,CENTRO,Connection OK,2013-09-24
3048958206,NOT CONNECTED,SOM165,SOMATOM 2,CT,SAPIRANGA,RS,SUL,Connection Expired (More than 30 days),2021-04-15
3033743625,SRS READY,MAM139,MAMMOMAT 3,XP WH,SAO PAULO,SP,SÃO PAULO,Connection Expired (More than 30 days),2016-08-23
3025134975,SRS READY,ART111,ARTIS 1,AXA,SAO BERNARDO DO CAMPO,SP,SÃO PAULO,Connection OK,2013-07-15
3025044633,SRS READY,MAG125,MAGNETOM 8,MR,SAO PAULO,SP,SÃO PAULO,Connection OK,2013-05-28
3049029145,NOT CONNECTED,MAG131,MAGNETON 14,MR,SAPIRANGA,RS,SUL,Connection Expired (More than 30 days),2021-04-15
3009511647,SRS READY,MAG126,MAGNETOM 9,MR,JUIZ DE FORA,MG,RIO DE JANEIRO,Connection OK,2008-10-15
3021019585,SRS READY,LUM117,LUMINOS,XP RF,BRASILIA,DF,CENTRO,Connection OK,2012-06-14
3016288676,NOT CONNECTED,ARC110,ARCADIS,AXA SU,BRASILIA,DF,CENTRO,Connection Expired (More than 30 days),2010-12-29
3013948593,SRS READY,SOM169,SOMATOM 6,CT,RIO DE JANEIRO,RJ,RIO DE JANEIRO,Connection OK,2010-05-06
3025638599,SRS READY,SOM169,SOMATOM 6,CT,GOIANIA,GO,CENTRO,Connection OK,2013-10-31
3015616738,CONNECTED BUT NOT SRS READY,ART111,ARTIS 1,AXA,SAO PAULO,SP,SÃO PAULO,Connection Expired (More than 30 days),2010-10-13
3047867598,CONNECTED BUT NOT SRS READY,MAG123,MAGNETOM 6,MR,SALVADOR,BA,NORDESTE,Connection OK,2020-11-13
3030255872,SRS READY,SOM157,SOMATOM 1,CT,FRANCA,SP,SÃO PAULO INTERIOR,Connection Expired (More than 30 days),2015-11-19
3008063424,CONNECTED BUT NOT SRS READY,MAG118,MAGNETOM 1,MR,RIO DE JANEIRO,RJ,RIO DE JANEIRO,Connection OK,2008-01-29
3033580978,SRS READY,ART112,ARTIS 2,AXA,UBERLANDIA,MG,SÃO PAULO INTERIOR,Connection OK,2016-11-03
3016046020,SRS READY,MAG119,MAGNETOM 2,MR,MACEIO,AL,NORDESTE,Connection OK,2010-12-14
3035661641,SRS READY,MAG119,MAGNETOM 2,MR,PATO BRANCO,PR,SUL,Connection OK,2017-03-29
3027645864,NOT CONNECTED,ARC110,ARCADIS,AXA SU,NOVA LIMA,MG,CENTRO,Connection Expired (More than 30 days),2014-04-23
3008986941,SRS READY,ART115,ARTIS 5,AXA,SÃO JOSÉ DO RIO PRETO,SP,SÃO PAULO INTERIOR,Connection Expired (More than 30 days),2008-08-29
3031265501,SRS READY,SOM165,SOMATOM 2,CT,SAO CARLOS,SP,SÃO PAULO INTERIOR,Connection Expired (More than 30 days),2015-11-25
3027856320,NOT CONNECTED,ACU106,ACUSON 6,US,SAO CARLOS,SP,SÃO PAULO INTERIOR,Connection Expired (More than 30 days),2014-07-02
3021285370,SRS READY,NUC151,NUCLEAR 4,MI PET,SALVADOR,BA,NORDESTE,Connection Expired (More than 30 days),2012-06-13
3027339076,SRS READY,SOM158,SOMATOM 10,CT,SAO PAULO,SP,SÃO PAULO,Connection OK,2014-03-25
3021605056,SRS READY,NUC152,NUCLEAR 5,MI SPECT,SALVADOR,BA,NORDESTE,Connection OK,2012-07-16
3018593709,SRS READY,SOM168,SOMATOM 5,CT,SAO PAULO,SP,SÃO PAULO,Connection OK,2012-05-16
3026482135,SRS READY,MAG124,MAGNETOM 7,MR,SALVADOR,BA,NORDESTE,Connection OK,2013-10-29
3025838669,SRS READY,MAG119,MAGNETOM 2,MR,RIO CLARO,SP,SÃO PAULO INTERIOR,Connection OK,2013-09-24
3013892938,SRS READY,MAG122,MAGNETOM 5,MR,SINOP,MT,CENTRO,Connection Expired (More than 30 days),2010-03-29
3033750496,SRS READY,MAM139,MAMMOMAT 3,XP WH,SAO PAULO,SP,SÃO PAULO,Connection Expired (More than 30 days),2016-08-22
3025790826,SRS READY,MAG125,MAGNETOM 8,MR,SAO PAULO,SP,SÃO PAULO,Connection OK,2013-08-16
3029853704,SRS READY,SYN174,SYNGO 2,SY,SAO PAULO,SP,SÃO PAULO,Connection OK,2015-02-03
3009664548,CONNECTED BUT NOT SRS READY,MAG126,MAGNETOM 9,MR,SAO BERNARDO DO CAMPO,SP,SÃO PAULO,Connection OK,2009-01-07
3021035069,SRS READY,LUM117,LUMINOS,XP RF,BELO HORIZONTE,MG,CENTRO,Connection OK,2012-06-14
3016326047,SRS READY,ARC110,ARCADIS,AXA SU,SAO LUIS,MA,NORDESTE,Connection Expired (More than 30 days),2010-12-29
3014441017,SRS READY,SOM169,SOMATOM 6,CT,MARITUBA,PA,CENTRO,Connection OK,2010-10-10
3025638601,SRS READY,SOM169,SOMATOM 6,CT,MACAPA,AP,CENTRO,Connection OK,2013-12-18
3015741628,SRS READY,ART111,ARTIS 1,AXA,CURITIBA,PR,SUL,Connection Expired (More than 30 days),2010-12-08
3047775913,NOT CONNECTED,MAG123,MAGNETOM 6,MR,SALVADOR,BA,NORDESTE,Connection Expired (More than 30 days),2020-11-23
3030255874,SRS READY,SOM157,SOMATOM 1,CT,RIO DE JANEIRO,RJ,RIO DE JANEIRO,Connection Expired (More than 30 days),2015-12-22
3008124366,SRS READY,MAG118,MAGNETOM 1,MR,CARIACICA,ES,RIO DE JANEIRO,Connection OK,2008-03-03
3033847793,SRS READY,ART112,ARTIS 2,AXA,MOGI GUACU,SP,SÃO PAULO INTERIOR,Connection Expired (More than 30 days),2016-12-19
3016738090,SRS READY,MAG119,MAGNETOM 2,MR,SALVADOR,BA,NORDESTE,Connection OK,2011-02-17
3035907299,SRS READY,MAG119,MAGNETOM 2,MR,GOIANIA,GO,CENTRO,Connection OK,2017-04-29
3028699551,NOT CONNECTED,ARC110,ARCADIS,AXA SU,JOINVILLE,SC,SUL,Connection Expired (More than 30 days),2014-09-22
3009069395,SRS READY,ART115,ARTIS 5,AXA,BELO HORIZONTE,MG,CENTRO,Connection Expired (More than 30 days),2008-08-18
3031257236,SRS READY,SOM165,SOMATOM 2,CT,ITABAIANA,SE,NORDESTE,Connection OK,2015-12-22
3022053394,SRS READY,NUC151,NUCLEAR 4,MI PET,JUIZ DE FORA,MG,RIO DE JANEIRO,Connection OK,2012-09-24
3035702312,SRS READY,CIO116,CIOS,AXA SU,ERECHIM,RS,SUL,Connection Expired (More than 30 days),2017-04-27
3044185257,CONNECTED BUT NOT SRS READY,MAM138,MAMMOMAT 2,XP WH,TERESINA,PI,NORDESTE,Connection OK,2019-10-10
3018637005,SRS READY,SOM168,SOMATOM 5,CT,RIO DE JANEIRO,RJ,RIO DE JANEIRO,Connection OK,2012-08-23
3026609130,SRS READY,MAG124,MAGNETOM 7,MR,GOIANIA,GO,CENTRO,Connection Expired (More than 30 days),2013-11-18
3026354687,SRS READY,MAG119,MAGNETOM 2,MR,JUIZ DE FORA,MG,RIO DE JANEIRO,Connection OK,2013-10-11
3034476995,CONNECTED BUT NOT SRS READY,MAM139,MAMMOMAT 3,XP WH,BELO HORIZONTE,MG,CENTRO,Connection Expired (More than 30 days),2017-08-18
3025774186,SRS READY,ART111,ARTIS 1,AXA,CARUARU,PE,NORDESTE,Connection OK,2013-08-12
3026115663,SRS READY,MAG125,MAGNETOM 8,MR,SAO PAULO,SP,SÃO PAULO,Connection OK,2014-01-16
3039740457,SRS READY,SYN174,SYNGO 2,SY,BRASILIA,DF,CENTRO,Connection OK,2018-07-02
3009689656,SRS READY,MAG126,MAGNETOM 9,MR,RIO DE JANEIRO,RJ,RIO DE JANEIRO,Connection OK,2009-03-10
3026414490,SRS READY,MAG120,MAGNETOM 3,MR,PORTO ALEGRE,RS,SUL,Connection OK,2014-03-07
3021337707,SRS READY,LUM117,LUMINOS,XP RF,SAO PAULO,SP,SÃO PAULO,Connection OK,2012-05-13
3017495860,NOT CONNECTED,ARC110,ARCADIS,AXA SU,UBERLANDIA,MG,SÃO PAULO INTERIOR,Connection Expired (More than 30 days),2011-08-03
3014581802,SRS READY,SOM169,SOMATOM 6,CT,URUGUAIANA,RS,SUL,Connection Expired (More than 30 days),2010-08-21
3039795616,SRS READY,MAG129,MAGNETON 12,MR,SAO PAULO,SP,SÃO PAULO,Connection OK,2018-06-22
3016498178,SRS READY,ART111,ARTIS 1,AXA,UBERABA,MG,SÃO PAULO INTERIOR,Connection OK,2011-04-20
3027817014,NOT CONNECTED,MOB141,MOBILLET,XP SU,SAO PAULO,SP,SÃO PAULO,Connection Expired (More than 30 days),2014-05-28
3048290610,CONNECTED BUT NOT SRS READY,MAG123,MAGNETOM 6,MR,SOROCABA,SP,SÃO PAULO INTERIOR,Connection OK,2020-12-29
3031605037,SRS READY,SOM157,SOMATOM 1,CT,SALVADOR,BA,NORDESTE,Connection OK,2016-01-11
3008387307,SRS READY,MAG118,MAGNETOM 1,MR,SAO PAULO,SP,SÃO PAULO,Connection OK,2008-07-18
3034202459,SRS READY,ART112,ARTIS 2,AXA,TAUBATE,SP,SÃO PAULO,Connection OK,2017-04-11
3017818570,SRS READY,MAG119,MAGNETOM 2,MR,BAURU,SP,SÃO PAULO INTERIOR,Connection OK,2011-06-01
3036942672,SRS READY,MAG119,MAGNETOM 2,MR,POCOS DE CALDAS,MG,SÃO PAULO INTERIOR,Connection OK,2017-09-03
3031256900,SRS READY,SOM165,SOMATOM 2,CT,SAO JOSE DOS CAMPOS,SP,SÃO PAULO,Connection OK,2015-12-09
3034035313,CONNECTED BUT NOT SRS READY,ACU101,ACUSON 1,US,RIBEIRAO PRETO,SP,SÃO PAULO INTERIOR,Connection Expired (More than 30 days),2016-09-27
3027330725,SRS READY,SYN173,SYNGO 1,SY,ITAJAI,SC,SUL,Connection OK,2014-11-12
3022449829,SRS READY,NUC151,NUCLEAR 4,MI PET,BELO HORIZONTE,MG,CENTRO,Connection OK,2012-09-21
3026919429,SRS READY,MAG124,MAGNETOM 7,MR,SALVADOR,BA,NORDESTE,Connection Expired (More than 30 days),2014-01-02
3026449031,CONNECTED BUT NOT SRS READY,MAG119,MAGNETOM 2,MR,SUZANO,SP,SÃO PAULO,Connection Expired (More than 30 days),2013-12-18
3031729260,SRS READY,SOM165,SOMATOM 2,CT,SAO PAULO,SP,SÃO PAULO,Connection Expired (More than 30 days),2016-06-13
3026359683,SRS READY,ART111,ARTIS 1,AXA,BOTUCATU,SP,SÃO PAULO INTERIOR,Connection OK,2013-12-10
3026306164,SRS READY,MAG125,MAGNETOM 8,MR,SAO PAULO,SP,SÃO PAULO,Connection OK,2014-02-10
3041225289,SRS READY,SYN174,SYNGO 2,SY,BRASILIA,DF,CENTRO,Connection OK,2018-11-27
3009851457,SRS READY,MAG126,MAGNETOM 9,MR,RIO DE JANEIRO,RJ,RIO DE JANEIRO,Connection OK,2009-03-03
3026647521,SRS READY,MAG120,MAGNETOM 3,MR,SOROCABA,SP,SÃO PAULO INTERIOR,Connection OK,2014-09-03
3024345695,SRS READY,LUM117,LUMINOS,XP RF,SAO PAULO,SP,SÃO PAULO,Connection OK,2013-02-05
3014872872,SRS READY,SOM169,SOMATOM 6,CT,TERESINA,PI,NORDESTE,Connection Expired (More than 30 days),2010-08-25
3039878042,SRS READY,MAG129,MAGNETON 12,MR,SAO PAULO,SP,SÃO PAULO,Connection OK,2018-07-20
3025638605,SRS READY,SOM169,SOMATOM 6,CT,SAO JOSE DOS CAMPOS,SP,SÃO PAULO,Connection Expired (More than 30 days),2013-12-11
3016571450,NOT CONNECTED,ART111,ARTIS 1,AXA,NOVA IGUACU,RJ,RIO DE JANEIRO,Connection Expired (More than 30 days),2011-03-29
3027826627,NOT CONNECTED,MOB141,MOBILLET,XP SU,SAO PAULO,SP,SÃO PAULO,Connection Expired (More than 30 days),2014-05-28
3048473894,CONNECTED BUT NOT SRS READY,MAG123,MAGNETOM 6,MR,CARIACICA,ES,RIO DE JANEIRO,Connection Expired (More than 30 days),2021-01-12
3031605115,SRS READY,SOM157,SOMATOM 1,CT,BAURU,SP,SÃO PAULO INTERIOR,Connection OK,2015-12-15
3008399042,SRS READY,MAG118,MAGNETOM 1,MR,ARACAJU,SE,NORDESTE,Connection OK,2008-04-25
3034401940,SRS READY,ART112,ARTIS 2,AXA,CURITIBA,PR,SUL,Connection OK,2016-12-29
3018363623,SRS READY,MAG119,MAGNETOM 2,MR,UBERLANDIA,MG,SÃO PAULO INTERIOR,Connection OK,2011-07-27
3038161360,SRS READY,MAG119,MAGNETOM 2,MR,RIO DE JANEIRO,RJ,RIO DE JANEIRO,Connection OK,2018-01-04
3029841481,NOT CONNECTED,ARC110,ARCADIS,AXA SU,RIBEIRAO PRETO,SP,SÃO PAULO INTERIOR,Connection Expired (More than 30 days),2016-11-29
3009968982,SRS READY,ART115,ARTIS 5,AXA,SOBRAL,CE,NORDESTE,Connection OK,2009-10-16
3029063949,SRS READY,SYN173,SYNGO 1,SY,RIBEIRAO PRETO,SP,SÃO PAULO INTERIOR,Connection Expired (More than 30 days),2014-11-03
3023509825,SRS READY,NUC151,NUCLEAR 4,MI PET,CAMPO GRANDE,MS,SÃO PAULO INTERIOR,Connection OK,2012-11-22
3008047641,CONNECTED BUT NOT SRS READY,MAG122,MAGNETOM 5,MR,SAO JOSE DOS CAMPOS,SP,SÃO PAULO,Connection Expired (More than 30 days),2008-04-09
3045668869,SRS READY,MAM138,MAMMOMAT 2,XP WH,BRASILIA,DF,CENTRO,Connection Expired (More than 30 days),2020-03-16
3019361721,CONNECTED BUT NOT SRS READY,ACU107,ACUSON 7,US,ITAJUBA,MG,SÃO PAULO INTERIOR,Connection Expired (More than 30 days),2011-10-24
3028472482,SRS READY,SYN174,SYNGO 2,SY,CAXIAS DO SUL,RS,SUL,Connection OK,2014-10-07
3022339967,CONNECTED BUT NOT SRS READY,NUC152,NUCLEAR 5,MI SPECT,SAO JOSE DOS CAMPOS,SP,SÃO PAULO,Connection Expired (More than 30 days),2012-09-25
3017750565,SRS READY,SOM166,SOMATOM 3,CT,PORTO ALEGRE,RS,SUL,Connection OK,2011-11-11
3019518528,SRS READY,SOM168,SOMATOM 5,CT,CASCAVEL,PR,SUL,Connection OK,2012-07-13
3030348775,SRS READY,MAG124,MAGNETOM 7,MR,RIO DE JANEIRO,RJ,RIO DE JANEIRO,Connection OK,2015-05-07
3035475028,SRS READY,MAM139,MAMMOMAT 3,XP WH,CAXIAS DO SUL,RS,SUL,Connection Expired (More than 30 days),2017-03-27
3027783538,SRS READY,ART111,ARTIS 1,AXA,PORTO ALEGRE,RS,SUL,Connection OK,2014-05-05
3027089759,SRS READY,MAG125,MAGNETOM 8,MR,RIO DE JANEIRO,RJ,RIO DE JANEIRO,Connection OK,2014-03-18
3041225291,SRS READY,SYN174,SYNGO 2,SY,BRASILIA,DF,CENTRO,Connection OK,2018-11-27
3009876278,NOT CONNECTED,MAG126,MAGNETOM 9,MR,BELEM,PA,CENTRO,Connection Expired (More than 30 days),2008-11-27
3027029028,SRS READY,MAG120,MAGNETOM 3,MR,SOROCABA,SP,SÃO PAULO INTERIOR,Connection OK,2014-03-28
3025375426,SRS READY,LUM117,LUMINOS,XP RF,BRASILIA,DF,CENTRO,Connection OK,2013-12-18
3020845147,SRS READY,ARC110,ARCADIS,AXA SU,SAO PAULO,SP,SÃO PAULO,Connection Expired (More than 30 days),2012-02-28
3015084403,SRS READY,SOM169,SOMATOM 6,CT,CACADOR,SC,SUL,Connection OK,2010-09-27
3039937709,SRS READY,MAG129,MAGNETON 12,MR,BARUERI,SP,SÃO PAULO,Connection OK,2018-12-04
3025867976,CONNECTED BUT NOT SRS READY,MOB141,MOBILLET,XP SU,BRASILIA,DF,CENTRO,Connection Expired (More than 30 days),2013-10-17
3031674489,SRS READY,SOM157,SOMATOM 1,CT,MANAUS,AM,CENTRO,Connection OK,2015-12-10
3037450184,SRS READY,MUL142,MULTIX,XP RF,BRASILIA,DF,CENTRO,Connection Expired (More than 30 days),2017-11-28
3034751778,SRS READY,ART112,ARTIS 2,AXA,IPATINGA,MG,CENTRO,Connection Expired (More than 30 days),2017-02-19
3018650191,SRS READY,MAG119,MAGNETOM 2,MR,OURO PRETO,MG,CENTRO,Connection OK,2011-09-06
3038446917,SRS READY,MAG119,MAGNETOM 2,MR,SANTOS,SP,SÃO PAULO,Connection OK,2018-02-13
3031295186,SRS READY,SOM165,SOMATOM 2,CT,IRATI,PR,SUL,Connection Expired (More than 30 days),2016-02-03
3028067413,SRS READY,ACU106,ACUSON 6,US,RIBEIRAO PRETO,SP,SÃO PAULO INTERIOR,Connection Expired (More than 30 days),2014-07-02
3028114732,SRS READY,SYN173,SYNGO 1,SY,SAO PAULO,SP,SÃO PAULO,Connection OK,2014-06-17
3024371259,SRS READY,NUC151,NUCLEAR 4,MI PET,JOAO PESSOA,PB,NORDESTE,Connection OK,2013-01-04
3008241852,SRS READY,MAG122,MAGNETOM 5,MR,SALVADOR,BA,NORDESTE,Connection OK,2008-10-14
3048274370,CONNECTED BUT NOT SRS READY,MAM138,MAMMOMAT 2,XP WH,SAO PAULO,SP,SÃO PAULO,Connection OK,2020-12-29
3028699806,SRS READY,SYN174,SYNGO 2,SY,SANTAREM,PA,CENTRO,Connection OK,2014-09-30
3023773376,SRS READY,NUC152,NUCLEAR 5,MI SPECT,NATAL,RN,NORDESTE,Connection Expired (More than 30 days),2012-10-26
3017738298,SRS READY,SOM166,SOMATOM 3,CT,SAO PAULO,SP,SÃO PAULO,Connection OK,2012-03-16
3026691693,SRS READY,MAG119,MAGNETOM 2,MR,BELO HORIZONTE,MG,CENTRO,Connection OK,2013-12-02
3028162087,SRS READY,MAG125,MAGNETOM 8,MR,SAO PAULO,SP,SÃO PAULO,Connection OK,2014-06-09
3032107636,SRS READY,MAG120,MAGNETOM 3,MR,TERESINA,PI,NORDESTE,Connection OK,2016-04-26
3025461160,SRS READY,LUM117,LUMINOS,XP RF,SAO LUIS,MA,NORDESTE,Connection OK,2013-06-19
3020872543,SRS READY,ARC110,ARCADIS,AXA SU,SAO PAULO,SP,SÃO PAULO,Connection Expired (More than 30 days),2012-02-28
3040733987,SRS READY,MAG129,MAGNETON 12,MR,NOVO HAMBURGO,RS,SUL,Connection OK,2018-09-26
3025638609,SRS READY,SOM169,SOMATOM 6,CT,ALTA FLORESTA,MT,CENTRO,Connection Expired (More than 30 days),2014-01-03
3016745766,NOT CONNECTED,ART111,ARTIS 1,AXA,SAO PAULO,SP,SÃO PAULO,Connection Expired (More than 30 days),2011-02-07
3029273253,NOT CONNECTED,MOB141,MOBILLET,XP SU,SAO PAULO,SP,SÃO PAULO,Connection Expired (More than 30 days),2015-01-09
3031695644,SRS READY,SOM157,SOMATOM 1,CT,RIO DE JANEIRO,RJ,RIO DE JANEIRO,Connection Expired (More than 30 days),2016-01-11
3034964507,SRS READY,ART112,ARTIS 2,AXA,BELO HORIZONTE,MG,CENTRO,Connection OK,2017-05-22
3018743861,SRS READY,MAG119,MAGNETOM 2,MR,RIO DE JANEIRO,RJ,RIO DE JANEIRO,Connection OK,2011-08-16
3038525516,SRS READY,MAG119,MAGNETOM 2,MR,VITORIA,ES,RIO DE JANEIRO,Connection OK,2018-03-01
3032069072,NOT CONNECTED,ARC110,ARCADIS,AXA SU,SAO PAULO,SP,SÃO PAULO,Connection Expired (More than 30 days),2016-04-01
3031295199,SRS READY,SOM165,SOMATOM 2,CT,BRASILIA,DF,CENTRO,Connection OK,2015-12-23
3028114733,CONNECTED BUT NOT SRS READY,SYN173,SYNGO 1,SY,SAO PAULO,SP,SÃO PAULO,Connection OK,2014-06-17
3026569515,SRS READY,NUC151,NUCLEAR 4,MI PET,BLUMENAU,SC,SUL,Connection OK,2014-02-05
3008586722,SRS READY,MAG122,MAGNETOM 5,MR,PORTO ALEGRE,RS,SUL,Connection OK,2008-09-10
3048402927,CONNECTED BUT NOT SRS READY,MAM138,MAMMOMAT 2,XP WH,CARIACICA,ES,RIO DE JANEIRO,Connection Expired (More than 30 days),2021-01-12
3028735148,SRS READY,SYN174,SYNGO 2,SY,SAO PAULO,SP,SÃO PAULO,Connection Expired (More than 30 days),2014-09-30
3017879439,SRS READY,SOM166,SOMATOM 3,CT,UBERLANDIA,MG,SÃO PAULO INTERIOR,Connection OK,2011-10-28
3019583826,SRS READY,SOM168,SOMATOM 5,CT,RECIFE,PE,NORDESTE,Connection OK,2012-01-06
3026691216,SRS READY,MAG119,MAGNETOM 2,MR,PARA DE MINAS,MG,CENTRO,Connection OK,2013-12-02
3035685025,SRS READY,MAM139,MAMMOMAT 3,XP WH,SAO PAULO,SP,SÃO PAULO,Connection Expired (More than 30 days),2017-05-22
3005757195,SRS READY,SOM169,SOMATOM 6,CT,SAO PAULO,SP,SÃO PAULO,Connection Expired (More than 30 days),2006-11-29
3028172370,SRS READY,MAG125,MAGNETOM 8,MR,SAO PAULO,SP,SÃO PAULO,Connection OK,2014-06-18
3010124833,SRS READY,MAG126,MAGNETOM 9,MR,BELO HORIZONTE,MG,CENTRO,Connection Expired (More than 30 days),2009-02-19
3033173846,SRS READY,MAG120,MAGNETOM 3,MR,VARGINHA,MG,RIO DE JANEIRO,Connection OK,2016-08-23
3026615638,SRS READY,LUM117,LUMINOS,XP RF,SAO PAULO,SP,SÃO PAULO,Connection OK,2013-12-06
3015986647,SRS READY,SOM169,SOMATOM 6,CT,ALFENAS,MG,SÃO PAULO INTERIOR,Connection Expired (More than 30 days),2011-01-28
3026382534,SRS READY,SOM169,SOMATOM 6,CT,CAPAO DA CANOA,RS,SUL,Connection Expired (More than 30 days),2013-12-26
3017276633,SRS READY,ART111,ARTIS 1,AXA,BAURU,SP,SÃO PAULO INTERIOR,Connection OK,2011-04-27
3029670218,CONNECTED BUT NOT SRS READY,MOB141,MOBILLET,XP SU,SAO PAULO,SP,SÃO PAULO,Connection Expired (More than 30 days),2015-03-25
3031698687,SRS READY,SOM157,SOMATOM 1,CT,BRASILIA,DF,CENTRO,Connection OK,2016-05-23
3034999408,SRS READY,ART112,ARTIS 2,AXA,UBERLANDIA,MG,SÃO PAULO INTERIOR,Connection OK,2017-06-27
3018957418,SRS READY,MAG119,MAGNETOM 2,MR,CACOAL,RO,CENTRO,Connection OK,2011-09-15
3038922247,SRS READY,MAG119,MAGNETOM 2,MR,BETIM,MG,CENTRO,Connection OK,2018-04-03
3031368829,SRS READY,SOM165,SOMATOM 2,CT,SAO PAULO,SP,SÃO PAULO,Connection Expired (More than 30 days),2015-12-18
3018585269,NOT CONNECTED,ACU104,ACUSON 4,US,UBERLANDIA,MG,SÃO PAULO INTERIOR,Connection Expired (More than 30 days),2011-08-25
3029812437,SRS READY,SYN173,SYNGO 1,SY,SAO PAULO,SP,SÃO PAULO,Connection OK,2015-05-25
3027074378,CONNECTED BUT NOT SRS READY,NUC151,NUCLEAR 4,MI PET,CAMPINAS,SP,SÃO PAULO INTERIOR,Connection Expired (More than 30 days),2014-04-02
3008756624,SRS READY,MAG122,MAGNETOM 5,MR,RIO DE JANEIRO,RJ,RIO DE JANEIRO,Connection OK,2008-08-19
3048564493,SRS READY,MAM138,MAMMOMAT 2,XP WH,RECIFE,PE,NORDESTE,Connection Expired (More than 30 days),2021-02-03
3018043213,SRS READY,SOM166,SOMATOM 3,CT,SAPIRANGA,RS,SUL,Connection OK,2012-02-14
3019858246,SRS READY,SOM168,SOMATOM 5,CT,SAO BERNARDO DO CAMPO,SP,SÃO PAULO,Connection OK,2012-02-28
3027021510,SRS READY,MAG119,MAGNETOM 2,MR,SAO PAULO,SP,SÃO PAULO,Connection OK,2014-02-24
3015167182,SRS READY,MAG122,MAGNETOM 5,MR,ANDRADINA,SP,SÃO PAULO INTERIOR,Connection OK,2010-10-21
3038578676,SRS READY,MAM139,MAMMOMAT 3,XP WH,SAO PAULO,SP,SÃO PAULO,Connection Expired (More than 30 days),2018-02-13
3009239806,SRS READY,SOM169,SOMATOM 6,CT,BRASILIA,DF,CENTRO,Connection OK,2008-09-19
3030006167,SRS READY,MAG125,MAGNETOM 8,MR,CASCAVEL,PR,SUL,Connection OK,2015-03-23
3010139573,CONNECTED BUT NOT SRS READY,MAG126,MAGNETOM 9,MR,RIO DE JANEIRO,RJ,RIO DE JANEIRO,Connection OK,2009-02-13
3036397007,SRS READY,MAG131,MAGNETON 14,MR,FEIRA DE SANTANA,BA,NORDESTE,Connection OK,2017-09-25
3030027241,SRS READY,LUM117,LUMINOS,XP RF,SAO PAULO,SP,SÃO PAULO,Connection OK,2015-09-17
3021123055,NOT CONNECTED,ARC110,ARCADIS,AXA SU,VITORIA,ES,RIO DE JANEIRO,Connection Expired (More than 30 days),2012-03-27
3026382541,CONNECTED BUT NOT SRS READY,SOM169,SOMATOM 6,CT,RECIFE,PE,NORDESTE,Connection Expired (More than 30 days),2014-01-13
3017505237,SRS READY,ART111,ARTIS 1,AXA,VITORIA,ES,RIO DE JANEIRO,Connection OK,2011-06-17
3029702577,CONNECTED BUT NOT SRS READY,MOB141,MOBILLET,XP SU,SAO PAULO,SP,SÃO PAULO,Connection Expired (More than 30 days),2015-03-26
3032078510,SRS READY,SOM157,SOMATOM 1,CT,CAMPINAS,SP,SÃO PAULO INTERIOR,Connection Expired (More than 30 days),2016-04-28
3009098693,SRS READY,MAG118,MAGNETOM 1,MR,SAO PAULO,SP,SÃO PAULO,Connection Expired (More than 30 days),2008-10-08
3035177898,SRS READY,ART112,ARTIS 2,AXA,PORTO ALEGRE,RS,SUL,Connection Expired (More than 30 days),2017-08-24
3019040182,SRS READY,MAG119,MAGNETOM 2,MR,SAO PAULO,SP,SÃO PAULO,Connection OK,2011-09-06
3039190000,SRS READY,MAG119,MAGNETOM 2,MR,BELO HORIZONTE,MG,CENTRO,Connection OK,2018-05-02
3017043304,SRS READY,NUC153,NUCLEAR 6,MI PET,SAO PAULO,SP,SÃO PAULO,Connection OK,2011-02-24
3028067234,NOT CONNECTED,ACU106,ACUSON 6,US,RIBEIRAO PRETO,SP,SÃO PAULO INTERIOR,Connection Expired (More than 30 days),2014-07-02
3027420921,SRS READY,NUC151,NUCLEAR 4,MI PET,JAU,SP,SÃO PAULO INTERIOR,Connection OK,2014-03-28
3025100025,SRS READY,NUC152,NUCLEAR 5,MI SPECT,SOROCABA,SP,SÃO PAULO INTERIOR,Connection OK,2013-07-18
3020016014,SRS READY,SOM168,SOMATOM 5,CT,BELO HORIZONTE,MG,CENTRO,Connection OK,2012-02-17
3040109901,NOT CONNECTED,ACU108,ACUSON 8,US,SAO CARLOS,SP,SÃO PAULO INTERIOR,Connection Expired (More than 30 days),2018-12-19
3027354997,CONNECTED BUT NOT SRS READY,MAG119,MAGNETOM 2,MR,MOGI DAS CRUZES,SP,SÃO PAULO,Connection Expired (More than 30 days),2014-02-24
3037355529,SRS READY,ART112,ARTIS 2,AXA,SOROCABA,SP,SÃO PAULO INTERIOR,Connection OK,2017-12-07
3015290810,NOT CONNECTED,NUC148,NUCLEAR 14,MI SPECT,BOA VISTA,RR,CENTRO,Connection Expired (More than 30 days),2010-12-29
3016129550,SRS READY,MAG121,MAGNETOM 4,MR,MOGI DAS CRUZES,SP,SÃO PAULO,Connection OK,2010-11-17
3031899726,SRS READY,MAG125,MAGNETOM 8,MR,BRASILIA,DF,CENTRO,Connection OK,2015-11-10
3010538354,SRS READY,MAG126,MAGNETOM 9,MR,SAO PAULO,SP,SÃO PAULO,Connection OK,2009-05-20
3036763754,SRS READY,MAG131,MAGNETON 14,MR,CAMACARI,BA,NORDESTE,Connection OK,2017-12-08
3031980279,SRS READY,LUM117,LUMINOS,XP RF,SAO PAULO,SP,SÃO PAULO,Connection Expired (More than 30 days),2016-07-19
3021328482,NOT CONNECTED,ARC110,ARCADIS,AXA SU,SAO PAULO,SP,SÃO PAULO,Connection Expired (More than 30 days),2012-03-28
3016004479,SRS READY,SOM169,SOMATOM 6,CT,RIO DE JANEIRO,RJ,RIO DE JANEIRO,Connection Expired (More than 30 days),2010-12-08
3017551870,SRS READY,ART111,ARTIS 1,AXA,RIO DE JANEIRO,RJ,RIO DE JANEIRO,Connection Expired (More than 30 days),2011-11-09
3032102287,SRS READY,SOM157,SOMATOM 1,CT,RIO DE JANEIRO,RJ,RIO DE JANEIRO,Connection OK,2016-06-13
3009162476,CONNECTED BUT NOT SRS READY,MAG118,MAGNETOM 1,MR,SAO PAULO,SP,SÃO PAULO,Connection Expired (More than 30 days),2008-09-22
3025072406,SRS READY,MUL142,MULTIX,XP RF,PORTO ALEGRE,RS,SUL,Connection OK,2013-07-31
3035240377,SRS READY,ART112,ARTIS 2,AXA,RIO DE JANEIRO,RJ,RIO DE JANEIRO,Connection OK,2017-08-03
3019063777,SRS READY,MAG119,MAGNETOM 2,MR,CACADOR,SC,SUL,Connection OK,2011-09-20
3039463392,SRS READY,MAG119,MAGNETOM 2,MR,ANAPOLIS,GO,CENTRO,Connection OK,2018-06-07
3031369025,SRS READY,SOM165,SOMATOM 2,CT,SAO JOSE DO RIO PRETO,SP,SÃO PAULO INTERIOR,Connection OK,2015-12-28
3018281715,NOT CONNECTED,ACU104,ACUSON 4,US,SAO PAULO,SP,SÃO PAULO,Connection Expired (More than 30 days),2011-12-02
3031720105,SRS READY,SYN173,SYNGO 1,SY,RIO DE JANEIRO,RJ,RIO DE JANEIRO,Connection OK,2015-12-22
3027603971,SRS READY,NUC151,NUCLEAR 4,MI PET,ARACATUBA,SP,SÃO PAULO INTERIOR,Connection Expired (More than 30 days),2014-06-03
3008877664,SRS READY,MAG122,MAGNETOM 5,MR,CAMPINAS,SP,SÃO PAULO INTERIOR,Connection Expired (More than 30 days),2008-08-28
3025273468,SRS READY,NUC152,NUCLEAR 5,MI SPECT,CAMPO GRANDE,MS,SÃO PAULO INTERIOR,Connection OK,2013-06-07
3020022423,SRS READY,SOM168,SOMATOM 5,CT,SAO PAULO,SP,SÃO PAULO,Connection OK,2012-01-05
3027365387,SRS READY,MAG119,MAGNETOM 2,MR,TRES RIOS,RJ,RIO DE JANEIRO,Connection OK,2014-02-24
3039229428,SRS READY,ART112,ARTIS 2,AXA,SAO PAULO,SP,SÃO PAULO,Connection OK,2019-02-04
3015493902,SRS READY,MAG122,MAGNETOM 5,MR,ARACAJU,SE,NORDESTE,Connection OK,2010-12-14
3038753521,CONNECTED BUT NOT SRS READY,MAM139,MAMMOMAT 3,XP WH,SAO PAULO,SP,SÃO PAULO,Connection Expired (More than 30 days),2018-03-12
3018284399,SRS READY,NUC148,NUCLEAR 14,MI SPECT,CAMPINAS,SP,SÃO PAULO INTERIOR,Connection Expired (More than 30 days),2011-08-28
3020042662,SRS READY,MAG121,MAGNETOM 4,MR,SANTOS,SP,SÃO PAULO,Connection OK,2011-12-09
3010731501,SRS READY,MAG126,MAGNETOM 9,MR,RIO DE JANEIRO,RJ,RIO DE JANEIRO,Connection OK,2009-05-22
3036886277,SRS READY,MAG131,MAGNETON 14,MR,SANTOS,SP,SÃO PAULO,Connection OK,2017-09-13
3021338403,NOT CONNECTED,ARC110,ARCADIS,AXA SU,SAO PAULO,SP,SÃO PAULO,Connection Expired (More than 30 days),2012-03-28
3016687663,SRS READY,SOM169,SOMATOM 6,CT,SALVADOR,BA,NORDESTE,Connection OK,2011-04-08
3043757448,SRS READY,MAG129,MAGNETON 12,MR,MURIAE,MG,RIO DE JANEIRO,Connection OK,2019-08-22
3026518134,SRS READY,SOM169,SOMATOM 6,CT,PARA DE MINAS,MG,CENTRO,Connection Expired (More than 30 days),2014-03-17
3018453733,SRS READY,ART111,ARTIS 1,AXA,SAO PAULO,SP,SÃO PAULO,Connection Expired (More than 30 days),2011-09-15
3032102289,SRS READY,SOM157,SOMATOM 1,CT,CAMPO GRANDE,MS,SÃO PAULO INTERIOR,Connection OK,2016-06-27
3025153971,SRS READY,MUL142,MULTIX,XP RF,SAO PAULO,SP,SÃO PAULO,Connection Expired (More than 30 days),2013-05-28
3039870361,SRS READY,MAG119,MAGNETOM 2,MR,CAMPO GRANDE,MS,SÃO PAULO INTERIOR,Connection OK,2018-12-27
3028068322,SRS READY,ACU106,ACUSON 6,US,SERTAOZINHO,SP,SÃO PAULO INTERIOR,Connection Expired (More than 30 days),2014-07-02
3031852481,SRS READY,SYN173,SYNGO 1,SY,SAO PAULO,SP,SÃO PAULO,Connection Expired (More than 30 days),2015-12-08
3045479079,SRS READY,MAM137,MAMMOMAT 1,XP WH,BARUERI,SP,SÃO PAULO,Connection Expired (More than 30 days),2020-03-02
3030702721,SRS READY,NUC151,NUCLEAR 4,MI PET,SOROCABA,SP,SÃO PAULO INTERIOR,Connection OK,2015-09-21
3008957448,SRS READY,MAG122,MAGNETOM 5,MR,SAO JOAO DEL REI,MG,RIO DE JANEIRO,Connection OK,2008-08-14
3025397499,SRS READY,NUC152,NUCLEAR 5,MI SPECT,SAO JOSE DO RIO PRETO,SP,SÃO PAULO INTERIOR,Connection Expired (More than 30 days),2013-09-01
3021047597,SRS READY,SOM168,SOMATOM 5,CT,ARACAJU,SE,NORDESTE,Connection OK,2012-05-18
3027444538,SRS READY,MAG119,MAGNETOM 2,MR,SAO JOSE DOS CAMPOS,SP,SÃO PAULO,Connection OK,2014-03-01
3039181615,SRS READY,MAM139,MAMMOMAT 3,XP WH,ILHEUS,BA,NORDESTE,Connection Expired (More than 30 days),2018-04-20
3018179229,SRS READY,NUC148,NUCLEAR 14,MI SPECT,POCOS DE CALDAS,MG,SÃO PAULO INTERIOR,Connection OK,2011-08-30
3021250729,SRS READY,MAG121,MAGNETOM 4,MR,SAO PAULO,SP,SÃO PAULO,Connection OK,2012-05-17
3010765510,SRS READY,MAG126,MAGNETOM 9,MR,SAO PAULO,SP,SÃO PAULO,Connection OK,2009-12-04
3026517855,SRS READY,SOM169,SOMATOM 6,CT,LAURO DE FREITAS,BA,NORDESTE,Connection Expired (More than 30 days),2014-01-31
3018628950,SRS READY,ART111,ARTIS 1,AXA,LAURO DE FREITAS,BA,NORDESTE,Connection OK,2011-09-15
3032102291,SRS READY,SOM157,SOMATOM 1,CT,OSASCO,SP,SÃO PAULO,Connection OK,2016-10-25
3010885780,SRS READY,MAG118,MAGNETOM 1,MR,FLORIANOPOLIS,SC,SUL,Connection OK,2009-07-24
3036344518,SRS READY,ART112,ARTIS 2,AXA,RIO CLARO,SP,SÃO PAULO INTERIOR,Connection Expired (More than 30 days),2017-10-28
3019668643,SRS READY,MAG119,MAGNETOM 2,MR,RIO DE JANEIRO,RJ,RIO DE JANEIRO,Connection OK,2011-11-09
3040924261,SRS READY,MAG119,MAGNETOM 2,MR,UBERLANDIA,MG,SÃO PAULO INTERIOR,Connection OK,2018-12-12
3031710550,SRS READY,SOM165,SOMATOM 2,CT,SAO PAULO,SP,SÃO PAULO,Connection Expired (More than 30 days),2016-05-25
3028069187,NOT CONNECTED,ACU106,ACUSON 6,US,RIBEIRAO PRETO,SP,SÃO PAULO INTERIOR,Connection Expired (More than 30 days),2014-08-01
3031854232,SRS READY,SYN173,SYNGO 1,SY,BRASILIA,DF,CENTRO,Connection OK,2015-12-17
3045547800,SRS READY,MAM137,MAMMOMAT 1,XP WH,BRASILIA,DF,CENTRO,Connection Expired (More than 30 days),2020-03-03
3036013510,SRS READY,CIO116,CIOS,AXA SU,RECIFE,PE,NORDESTE,Connection Expired (More than 30 days),2017-07-18
3009058410,SRS READY,MAG122,MAGNETOM 5,MR,GOVERNADOR VALADARES,MG,CENTRO,Connection Expired (More than 30 days),2009-02-06
3025628265,SRS READY,NUC152,NUCLEAR 5,MI SPECT,BELO HORIZONTE,MG,CENTRO,Connection OK,2013-07-15
3020238228,SRS READY,SOM166,SOMATOM 3,CT,GOIANIA,GO,CENTRO,Connection Expired (More than 30 days),2012-06-12
3021094650,SRS READY,SOM168,SOMATOM 5,CT,SALVADOR,BA,NORDESTE,Connection OK,2012-09-20
3015644272,SRS READY,MAG122,MAGNETOM 5,MR,JATAI,GO,CENTRO,Connection OK,2010-12-08
3039283680,SRS READY,MAM139,MAMMOMAT 3,XP WH,SAO PAULO,SP,SÃO PAULO,Connection Expired (More than 30 days),2018-05-04
3022993751,SRS READY,MAG121,MAGNETOM 4,MR,BOTUCATU,SP,SÃO PAULO INTERIOR,Connection OK,2012-09-05
3037410777,CONNECTED BUT NOT SRS READY,MAG131,MAGNETON 14,MR,RECIFE,PE,NORDESTE,Connection OK,2017-10-21
3024602909,NOT CONNECTED,ARC110,ARCADIS,AXA SU,SAO BERNARDO DO CAMPO,SP,SÃO PAULO,Connection Expired (More than 30 days),2013-07-03
3033911860,SRS READY,MAG129,MAGNETON 12,MR,SAO PAULO,SP,SÃO PAULO,Connection OK,2016-10-17
3026723534,NOT CONNECTED,SOM169,SOMATOM 6,CT,TRAMANDAI,RS,SUL,Connection Expired (More than 30 days),2014-01-27
3043806413,SRS READY,SOM159,SOMATOM 11,CT,BENTO GONCALVES,RS,SUL,Connection OK,2019-09-03
3018635598,SRS READY,ART111,ARTIS 1,AXA,SANTOS,SP,SÃO PAULO,Connection OK,2011-09-15
3035451737,NOT CONNECTED,ACU105,ACUSON 5,US,SAO CARLOS,SP,SÃO PAULO INTERIOR,Connection Expired (More than 30 days),2017-05-19
3032102292,SRS READY,SOM157,SOMATOM 1,CT,MANAUS,AM,CENTRO,Connection OK,2016-09-13
3011593574,SRS READY,MAG118,MAGNETOM 1,MR,FEIRA DE SANTANA,BA,NORDESTE,Connection OK,2010-01-03
3036529721,SRS READY,ART112,ARTIS 2,AXA,SAO JOSE DOS CAMPOS,SP,SÃO PAULO INTERIOR,Connection Expired (More than 30 days),2017-11-05
3019975467,SRS READY,MAG119,MAGNETOM 2,MR,BAEPENDI,MG,RIO DE JANEIRO,Connection OK,2011-11-29
3043265673,SRS READY,MAG119,MAGNETOM 2,MR,BARRETOS,SP,SÃO PAULO INTERIOR,Connection OK,2019-07-22
3031709690,SRS READY,SOM165,SOMATOM 2,CT,SOROCABA,SP,SÃO PAULO INTERIOR,Connection OK,2016-03-02
3028069111,SRS READY,ACU106,ACUSON 6,US,RIBEIRAO PRETO,SP,SÃO PAULO INTERIOR,Connection Expired (More than 30 days),2014-07-02
3047201736,SRS READY,MAM137,MAMMOMAT 1,XP WH,XANXERE,SC,SUL,Connection Expired (More than 30 days),2020-09-02
3031797651,SRS READY,NUC151,NUCLEAR 4,MI PET,PIRACICABA,SP,SÃO PAULO INTERIOR,Connection Expired (More than 30 days),2015-12-14
3009181132,SRS READY,MAG122,MAGNETOM 5,MR,ARAPONGAS,PR,SUL,Connection OK,2010-03-30
3025740521,SRS READY,NUC152,NUCLEAR 5,MI SPECT,SAO PAULO,SP,SÃO PAULO,Connection OK,2013-12-20
3020994170,SRS READY,SOM166,SOMATOM 3,CT,MACEIO,AL,NORDESTE,Connection OK,2012-11-07
3021261111,SRS READY,SOM168,SOMATOM 5,CT,BRASILIA,DF,CENTRO,Connection OK,2012-07-09
3027903598,SRS READY,MAG119,MAGNETOM 2,MR,BARUERI,SP,SÃO PAULO,Connection OK,2014-04-28
3015950122,SRS READY,MAG122,MAGNETOM 5,MR,ARAPONGAS,PR,SUL,Connection Expired (More than 30 days),2011-01-12
3011031945,SRS READY,MAG126,MAGNETOM 9,MR,FEIRA DE SANTANA,BA,NORDESTE,Connection OK,2009-10-22
3037515771,SRS READY,MAG131,MAGNETON 14,MR,RIO DE JANEIRO,RJ,RIO DE JANEIRO,Connection Expired (More than 30 days),2017-11-05
3024898546,NOT CONNECTED,ARC110,ARCADIS,AXA SU,FRANCA,SP,SÃO PAULO INTERIOR,Connection Expired (More than 30 days),2013-04-22
3016878835,SRS READY,SOM169,SOMATOM 6,CT,RIO DE JANEIRO,RJ,RIO DE JANEIRO,Connection Expired (More than 30 days),2011-02-25
3034392442,SRS READY,MAG129,MAGNETON 12,MR,SAO PAULO,SP,SÃO PAULO,Connection OK,2017-02-03
3026723794,SRS READY,SOM169,SOMATOM 6,CT,SAO PAULO,SP,SÃO PAULO,Connection Expired (More than 30 days),2014-04-01
3032654742,SRS READY,SOM157,SOMATOM 1,CT,UBA,MG,RIO DE JANEIRO,Connection Expired (More than 30 days),2016-12-08
3006044857,SRS READY,MAG124,MAGNETOM 7,MR,SANTAREM,PA,CENTRO,Connection Expired (More than 30 days),2007-02-16
3012114255,SRS READY,MAG118,MAGNETOM 1,MR,TAUBATE,SP,SÃO PAULO,Connection OK,2010-03-16
3036727483,SRS READY,ART112,ARTIS 2,AXA,RIBEIRAO PRETO,SP,SÃO PAULO INTERIOR,Connection Expired (More than 30 days),2018-01-11
3019991545,SRS READY,MAG119,MAGNETOM 2,MR,DIAMANTINA,MG,CENTRO,Connection OK,2011-12-29
3043499901,SRS READY,MAG119,MAGNETOM 2,MR,GOVERNADOR VALADARES,MG,CENTRO,Connection OK,2019-08-07
3028068999,SRS READY,ACU106,ACUSON 6,US,RIBEIRAO PRETO,SP,SÃO PAULO INTERIOR,Connection Expired (More than 30 days),2014-07-02
3035323663,CONNECTED BUT NOT SRS READY,SYN173,SYNGO 1,SY,RIO DE JANEIRO,RJ,RIO DE JANEIRO,Connection Expired (More than 30 days),2017-03-08
3047597766,NOT CONNECTED,MAM137,MAMMOMAT 1,XP WH,SUZANO,SP,SÃO PAULO,Connection Expired (More than 30 days),2020-10-12
3025760561,SRS READY,NUC152,NUCLEAR 5,MI SPECT,BELEM,PA,CENTRO,Connection OK,2013-09-24
3021553125,SRS READY,SOM168,SOMATOM 5,CT,BRASILIA,DF,CENTRO,Connection OK,2012-07-20
3028806220,SRS READY,MAG119,MAGNETOM 2,MR,MURIAE,MG,RIO DE JANEIRO,Connection Expired (More than 30 days),2014-09-03
3011105119,SRS READY,MAG126,MAGNETOM 9,MR,SAO PAULO,SP,SÃO PAULO,Connection OK,2009-07-27
3034531962,SRS READY,MAG129,MAGNETON 12,MR,SAO BERNARDO DO CAMPO,SP,SÃO PAULO,Connection OK,2017-03-14
3026733845,SRS READY,SOM169,SOMATOM 6,CT,LEME,SP,SÃO PAULO INTERIOR,Connection Expired (More than 30 days),2014-02-25
3019599485,SRS READY,ART111,ARTIS 1,AXA,PATOS DE MINAS,MG,CENTRO,Connection OK,2012-02-29
3032686008,SRS READY,SOM157,SOMATOM 1,CT,SAO PAULO,SP,SÃO PAULO,Connection OK,2017-03-24
3013913983,SRS READY,MAG118,MAGNETOM 1,MR,BRASILIA,DF,CENTRO,Connection OK,2010-04-09
3045458264,SRS READY,MAG119,MAGNETOM 2,MR,BAURU,SP,SÃO PAULO INTERIOR,Connection OK,2020-03-02
3036337477,SRS READY,SYN173,SYNGO 1,SY,FLORIANOPOLIS,SC,SUL,Connection OK,2017-09-14
3011679216,SRS READY,MAM137,MAMMOMAT 1,XP WH,VITORIA,ES,RIO DE JANEIRO,Connection Expired (More than 30 days),2009-12-17
3036707433,SRS READY,SYN174,SYNGO 2,SY,BRASILIA,DF,CENTRO,Connection OK,2017-07-28
3026344526,SRS READY,NUC152,NUCLEAR 5,MI SPECT,SAO PAULO,SP,SÃO PAULO,Connection OK,2013-10-16
3021934279,SRS READY,SOM168,SOMATOM 5,CT,BRASILIA,DF,CENTRO,Connection OK,2012-09-01
3031729771,SRS READY,MAG119,MAGNETOM 2,MR,VILA VELHA,ES,RIO DE JANEIRO,Connection Expired (More than 30 days),2015-11-10
3011118082,SRS READY,MAG126,MAGNETOM 9,MR,SAO PAULO,SP,SÃO PAULO,Connection OK,2009-07-28
3037616379,SRS READY,MAG131,MAGNETON 14,MR,TAUBATE,SP,SÃO PAULO,Connection OK,2017-11-18
3025658929,NOT CONNECTED,ARC110,ARCADIS,AXA SU,CAMPINAS,SP,SÃO PAULO INTERIOR,Connection Expired (More than 30 days),2013-09-10
3017322907,SRS READY,SOM169,SOMATOM 6,CT,SAO PAULO,SP,SÃO PAULO,Connection Expired (More than 30 days),2012-09-25
3034733236,SRS READY,MAG129,MAGNETON 12,MR,BELEM,PA,CENTRO,Connection OK,2016-12-05
3026939005,SRS READY,SOM169,SOMATOM 6,CT,RIBEIRAO PRETO,SP,SÃO PAULO INTERIOR,Connection Expired (More than 30 days),2014-04-01
3044090731,SRS READY,SOM159,SOMATOM 11,CT,CARLOS BARBOSA,RS,SUL,Connection OK,2019-10-14
3032686014,SRS READY,SOM157,SOMATOM 1,CT,SAO PAULO,SP,SÃO PAULO,Connection OK,2016-10-28
3013936421,SRS READY,MAG118,MAGNETOM 1,MR,CANOAS,RS,SUL,Connection OK,2010-05-28
3025704527,SRS READY,MUL142,MULTIX,XP RF,CURITIBA,PR,SUL,Connection Expired (More than 30 days),2013-11-01
3037370321,SRS READY,ART112,ARTIS 2,AXA,PIRACICABA,SP,SÃO PAULO INTERIOR,Connection OK,2018-03-22
3020006009,SRS READY,MAG119,MAGNETOM 2,MR,BELO HORIZONTE,MG,CENTRO,Connection OK,2011-12-23
3047046650,SRS READY,MAG119,MAGNETOM 2,MR,RIO DE JANEIRO,RJ,RIO DE JANEIRO,Connection OK,2020-08-18
3031932141,SRS READY,SOM165,SOMATOM 2,CT,FEIRA DE SANTANA,BA,NORDESTE,Connection Expired (More than 30 days),2016-04-20
3036373704,SRS READY,SYN173,SYNGO 1,SY,SAO PAULO,SP,SÃO PAULO,Connection OK,2017-06-15
3026389676,SRS READY,NUC152,NUCLEAR 5,MI SPECT,MOGI DAS CRUZES,SP,SÃO PAULO,Connection OK,2013-10-23
3022556773,SRS READY,SOM168,SOMATOM 5,CT,RECIFE,PE,NORDESTE,Connection OK,2012-10-05
3031793342,SRS READY,MAG119,MAGNETOM 2,MR,PETROPOLIS,RJ,RIO DE JANEIRO,Connection OK,2015-11-18
3016053848,SRS READY,MAG122,MAGNETOM 5,MR,ILHEUS,BA,NORDESTE,Connection OK,2011-01-28
3038336468,SRS READY,MAG131,MAGNETON 14,MR,TOLEDO,PR,SUL,Connection OK,2018-02-13
3017239809,SRS READY,SOM169,SOMATOM 6,CT,CASCAVEL,PR,SUL,Connection OK,2011-03-22
3034942009,CONNECTED BUT NOT SRS READY,MAG129,MAGNETON 12,MR,SAO JOSE DOS CAMPOS,SP,SÃO PAULO,Connection Expired (More than 30 days),2017-04-07
3026939327,SRS READY,SOM169,SOMATOM 6,CT,UBERABA,MG,SÃO PAULO INTERIOR,Connection OK,2014-03-26
3032686031,SRS READY,SOM157,SOMATOM 1,CT,SAO PAULO,SP,SÃO PAULO,Connection OK,2017-02-09
3014813172,SRS READY,MAG118,MAGNETOM 1,MR,GOIANIA,GO,CENTRO,Connection OK,2011-09-14
3025805142,CONNECTED BUT NOT SRS READY,MUL142,MULTIX,XP RF,SAO PAULO,SP,SÃO PAULO,Connection Expired (More than 30 days),2013-10-31
3037610883,SRS READY,ART112,ARTIS 2,AXA,CAMPINAS,SP,SÃO PAULO INTERIOR,Connection Expired (More than 30 days),2018-03-29
3020024246,NOT CONNECTED,MAG119,MAGNETOM 2,MR,MANAUS,AM,CENTRO,Connection Expired (More than 30 days),2012-03-30
3040800249,SRS READY,MAG119,MAGNETOM 2,MR,RIBEIRAO PRETO,SP,SÃO PAULO INTERIOR,Connection Expired (More than 30 days),2019-04-05
3031932987,SRS READY,SOM165,SOMATOM 2,CT,MACEIO,AL,NORDESTE,Connection Expired (More than 30 days),2016-04-20
3009680468,SRS READY,MAG122,MAGNETOM 5,MR,JAU,SP,SÃO PAULO INTERIOR,Connection OK,2009-03-13
3026485968,SRS READY,NUC152,NUCLEAR 5,MI SPECT,CAMPINAS,SP,SÃO PAULO INTERIOR,Connection OK,2013-12-16
3021306932,SRS READY,SOM166,SOMATOM 3,CT,CARUARU,PE,NORDESTE,Connection OK,2012-07-05
3024148079,SRS READY,SOM168,SOMATOM 5,CT,RECIFE,PE,NORDESTE,Connection OK,2012-12-19
3032069069,SRS READY,MAG119,MAGNETOM 2,MR,SALVADOR,BA,NORDESTE,Connection OK,2015-12-02
3011408047,SRS READY,MAG126,MAGNETOM 9,MR,SAO PAULO,SP,SÃO PAULO,Connection OK,2009-09-22
3038616331,SRS READY,MAG131,MAGNETON 14,MR,UBERLANDIA,MG,SÃO PAULO INTERIOR,Connection OK,2018-03-08
3026365439,NOT CONNECTED,ARC110,ARCADIS,AXA SU,BELEM,PA,CENTRO,Connection Expired (More than 30 days),2013-10-23
3017569094,SRS READY,SOM169,SOMATOM 6,CT,SERRA,ES,RIO DE JANEIRO,Connection OK,2011-06-01
3035110293,SRS READY,MAG129,MAGNETON 12,MR,SAO PAULO,SP,SÃO PAULO,Connection OK,2017-04-13
3019666414,SRS READY,ART111,ARTIS 1,AXA,CASCAVEL,PR,SUL,Connection OK,2011-12-28
3032686040,SRS READY,SOM157,SOMATOM 1,CT,SAO PAULO,SP,SÃO PAULO,Connection OK,2017-05-09
3014922047,SRS READY,MAG118,MAGNETOM 1,MR,BELO HORIZONTE,MG,CENTRO,Connection OK,2010-07-28
5082000201660,SRS READY,MUL142,MULTIX,XP RF,BRASILIA,DF,CENTRO,Connection OK,2013-09-23
3020550038,SRS READY,MAG119,MAGNETOM 2,MR,MONTENEGRO,RS,SUL,Connection OK,2012-01-25
3047202451,SRS READY,MAG119,MAGNETOM 2,MR,JUIZ DE FORA,MG,RIO DE JANEIRO,Connection OK,2020-09-03
3032102525,SRS READY,SOM165,SOMATOM 2,CT,SETE LAGOAS,MG,CENTRO,Connection OK,2016-04-27
3037468049,SRS READY,SYN173,SYNGO 1,SY,BRASILIA,DF,CENTRO,Connection OK,2017-11-28
3016628399,SRS READY,MAM137,MAMMOMAT 1,XP WH,GOIANIA,GO,CENTRO,Connection Expired (More than 30 days),2011-02-17
3026524530,SRS READY,NUC152,NUCLEAR 5,MI SPECT,SAO JOSE DOS CAMPOS,SP,SÃO PAULO,Connection Expired (More than 30 days),2013-12-16
3024165900,SRS READY,SOM168,SOMATOM 5,CT,RECIFE,PE,NORDESTE,Connection OK,2012-12-19
3040617588,SRS READY,MAM139,MAMMOMAT 3,XP WH,SAO LUIS,MA,NORDESTE,Connection Expired (More than 30 days),2018-09-19
3026615766,SRS READY,ARC110,ARCADIS,AXA SU,JUIZ DE FORA,MG,RIO DE JANEIRO,Connection Expired (More than 30 days),2013-12-20
3017589832,SRS READY,SOM169,SOMATOM 6,CT,ALFENAS,MG,SÃO PAULO INTERIOR,Connection Expired (More than 30 days),2011-09-14
3035288863,SRS READY,MAG129,MAGNETON 12,MR,RIBEIRAO PRETO,SP,SÃO PAULO INTERIOR,Connection OK,2017-06-28
3027010586,SRS READY,SOM169,SOMATOM 6,CT,CONTAGEM,MG,CENTRO,Connection OK,2014-04-23
3019666619,SRS READY,ART111,ARTIS 1,AXA,VITORIA,ES,RIO DE JANEIRO,Connection Expired (More than 30 days),2012-02-13
3032686051,SRS READY,SOM157,SOMATOM 1,CT,GOIANIA,GO,CENTRO,Connection Expired (More than 30 days),2017-06-28
3015069101,SRS READY,MAG118,MAGNETOM 1,MR,SAO PAULO,SP,SÃO PAULO,Connection OK,2010-09-08
3037796925,SRS READY,ART112,ARTIS 2,AXA,PORTO ALEGRE,RS,SUL,Connection OK,2018-03-26
3021020378,SRS READY,MAG119,MAGNETOM 2,MR,BARREIRAS,BA,NORDESTE,Connection OK,2012-03-08
3047227182,CONNECTED BUT NOT SRS READY,MAG119,MAGNETOM 2,MR,SUZANO,SP,SÃO PAULO,Connection OK,2020-09-09
3017037466,SRS READY,MAM137,MAMMOMAT 1,XP WH,CURITIBA,PR,SUL,Connection Expired (More than 30 days),2011-05-23
3024140713,CONNECTED BUT NOT SRS READY,ACU107,ACUSON 7,US,SALVADOR,BA,NORDESTE,Connection Expired (More than 30 days),2014-08-08
3027756157,SRS READY,NUC152,NUCLEAR 5,MI SPECT,RECIFE,PE,NORDESTE,Connection OK,2014-07-01
3024243286,SRS READY,SOM168,SOMATOM 5,CT,SAO PAULO,SP,SÃO PAULO,Connection OK,2013-02-22
3011682785,SRS READY,MAG126,MAGNETOM 9,MR,SAO PAULO,SP,SÃO PAULO,Connection Expired (More than 30 days),2009-11-26
3026879487,NOT CONNECTED,ARC110,ARCADIS,AXA SU,FORMIGA,MG,CENTRO,Connection Expired (More than 30 days),2014-03-24
3017750788,SRS READY,SOM169,SOMATOM 6,CT,SANTOS,SP,SÃO PAULO,Connection OK,2011-09-30
3035506290,SRS READY,MAG129,MAGNETON 12,MR,SAO PAULO,SP,SÃO PAULO,Connection OK,2017-03-11
3019681636,SRS READY,ART111,ARTIS 1,AXA,SAO PAULO,SP,SÃO PAULO,Connection Expired (More than 30 days),2011-12-19
3032686065,SRS READY,SOM157,SOMATOM 1,CT,BELO HORIZONTE,MG,CENTRO,Connection OK,2017-05-18
3015393821,SRS READY,MAG118,MAGNETOM 1,MR,SANTOS,SP,SÃO PAULO,Connection Expired (More than 30 days),2010-09-29
3026111105,SRS READY,MUL142,MULTIX,XP RF,BRASILIA,DF,CENTRO,Connection Expired (More than 30 days),2013-10-25
3038288823,SRS READY,ART112,ARTIS 2,AXA,ARACAJU,SE,NORDESTE,Connection OK,2018-05-17
3021062896,SRS READY,MAG119,MAGNETOM 2,MR,RIO DE JANEIRO,RJ,RIO DE JANEIRO,Connection OK,2012-03-05
3047399923,SRS READY,MAG119,MAGNETOM 2,MR,CAMPO GRANDE,MS,SÃO PAULO INTERIOR,Connection OK,2020-12-22
3032316417,SRS READY,SOM165,SOMATOM 2,CT,PETROLINA,PE,NORDESTE,Connection OK,2017-05-24
3018382065,NOT CONNECTED,ACU104,ACUSON 4,US,CURITIBA,PR,SUL,Connection Expired (More than 30 days),2011-11-07
3017043177,SRS READY,MAM137,MAMMOMAT 1,XP WH,CURITIBA,PR,SUL,Connection Expired (More than 30 days),2011-02-23
3011063126,SRS READY,MAG122,MAGNETOM 5,MR,GUARULHOS,SP,SÃO PAULO,Connection Expired (More than 30 days),2009-09-18
3027874651,SRS READY,NUC152,NUCLEAR 5,MI SPECT,RECIFE,PE,NORDESTE,Connection OK,2014-06-06
3024345112,SRS READY,SOM168,SOMATOM 5,CT,SAO PAULO,SP,SÃO PAULO,Connection OK,2013-02-05
3011793455,SRS READY,MAG126,MAGNETOM 9,MR,PORTO ALEGRE,RS,SUL,Connection Expired (More than 30 days),2010-01-19
3039933862,SRS READY,MAG131,MAGNETON 14,MR,ARARAQUARA,SP,SÃO PAULO INTERIOR,Connection Expired (More than 30 days),2018-07-26
3017750787,SRS READY,SOM169,SOMATOM 6,CT,BAURU,SP,SÃO PAULO INTERIOR,Connection OK,2012-02-17
3035686859,SRS READY,MAG129,MAGNETON 12,MR,POUSO ALEGRE,MG,SÃO PAULO INTERIOR,Connection OK,2017-04-08
3027090872,SRS READY,SOM169,SOMATOM 6,CT,RECIFE,PE,NORDESTE,Connection OK,2014-06-03
3044675654,SRS READY,SOM159,SOMATOM 11,CT,OSASCO,SP,SÃO PAULO,Connection Expired (More than 30 days),2019-12-03
3019810631,SRS READY,ART111,ARTIS 1,AXA,RIO DE JANEIRO,RJ,RIO DE JANEIRO,Connection Expired (More than 30 days),2011-12-13
3015952922,SRS READY,MAG118,MAGNETOM 1,MR,PORTO ALEGRE,RS,SUL,Connection OK,2010-11-16
3038587295,SRS READY,ART112,ARTIS 2,AXA,CURITIBA,PR,SUL,Connection Expired (More than 30 days),2018-06-28
3021228696,SRS READY,MAG119,MAGNETOM 2,MR,RIO DE JANEIRO,RJ,RIO DE JANEIRO,Connection OK,2012-03-13
3048472193,SRS READY,MAG119,MAGNETOM 2,MR,RIO DE JANEIRO,RJ,RIO DE JANEIRO,Connection OK,2021-01-22
3032316419,SRS READY,SOM165,SOMATOM 2,CT,JALES,SP,SÃO PAULO INTERIOR,Connection OK,2016-06-15
3018585478,CONNECTED BUT NOT SRS READY,ACU104,ACUSON 4,US,UBERLANDIA,MG,SÃO PAULO INTERIOR,Connection Expired (More than 30 days),2011-08-25
3034600929,CONNECTED BUT NOT SRS READY,ACU101,ACUSON 1,US,SANTOS,SP,SÃO PAULO,Connection Expired (More than 30 days),2017-03-17
3040739709,SRS READY,SYN173,SYNGO 1,SY,JOINVILLE,SC,SUL,Connection OK,2018-12-10
3017878465,CONNECTED BUT NOT SRS READY,MAM137,MAMMOMAT 1,XP WH,PORTO ALEGRE,RS,SUL,Connection Expired (More than 30 days),2011-09-15
3036234031,SRS READY,CIO116,CIOS,AXA SU,SAO JOAO DA BOA VISTA,SP,SÃO PAULO INTERIOR,Connection Expired (More than 30 days),2017-07-19
3028363737,SRS READY,NUC152,NUCLEAR 5,MI SPECT,SAO PAULO,SP,SÃO PAULO,Connection OK,2014-10-08
3024462566,NOT CONNECTED,SOM168,SOMATOM 5,CT,RIO DE JANEIRO,RJ,RIO DE JANEIRO,Connection Expired (More than 30 days),2016-03-01
3012077095,SRS READY,MAG126,MAGNETOM 9,MR,SAO PAULO,SP,SÃO PAULO,Connection OK,2010-05-04
3026898114,SRS READY,ARC110,ARCADIS,AXA SU,JUIZ DE FORA,MG,RIO DE JANEIRO,Connection Expired (More than 30 days),2014-02-11
3035978067,SRS READY,MAG129,MAGNETON 12,MR,SAO PAULO,SP,SÃO PAULO,Connection OK,2017-07-19
3027090924,SRS READY,SOM169,SOMATOM 6,CT,ITABIRA,MG,CENTRO,Connection Expired (More than 30 days),2015-05-27
3032686106,SRS READY,SOM157,SOMATOM 1,CT,MARINGA,PR,SUL,Connection OK,2017-03-05
3016122146,SRS READY,MAG118,MAGNETOM 1,MR,GOIANIA,GO,CENTRO,Connection OK,2010-12-10
3038614523,SRS READY,ART112,ARTIS 2,AXA,CACADOR,SC,SUL,Connection Expired (More than 30 days),2018-07-26
3048729121,NOT CONNECTED,MAG119,MAGNETOM 2,MR,RIBEIRAO PIRES,SP,SÃO PAULO,Connection Expired (More than 30 days),2021-02-24
3032428450,SRS READY,SOM165,SOMATOM 2,CT,CAMAQUA,RS,SUL,Connection OK,2016-06-25
3018585232,NOT CONNECTED,ACU104,ACUSON 4,US,UBERLANDIA,MG,SÃO PAULO INTERIOR,Connection Expired (More than 30 days),2011-08-25
3034612570,CONNECTED BUT NOT SRS READY,ACU101,ACUSON 1,US,SANTOS,SP,SÃO PAULO,Connection Expired (More than 30 days),2017-03-17
3041323812,SRS READY,SYN173,SYNGO 1,SY,SAO PAULO,SP,SÃO PAULO,Connection OK,2018-12-27
3029058829,SRS READY,NUC152,NUCLEAR 5,MI SPECT,SAO JOAO DA BOA VISTA,SP,SÃO PAULO INTERIOR,Connection Expired (More than 30 days),2014-11-13
3024515693,SRS READY,SOM168,SOMATOM 5,CT,SALVADOR,BA,NORDESTE,Connection Expired (More than 30 days),2013-02-02
3012283923,SRS READY,MAG126,MAGNETOM 9,MR,SAO PAULO,SP,SÃO PAULO,Connection Expired (More than 30 days),2010-02-25
3026981178,NOT CONNECTED,ARC110,ARCADIS,AXA SU,RIO DE JANEIRO,RJ,RIO DE JANEIRO,Connection Expired (More than 30 days),2014-03-19
3017879495,SRS READY,SOM169,SOMATOM 6,CT,NILOPOLIS,RJ,RIO DE JANEIRO,Connection OK,2012-06-14
3036336838,SRS READY,MAG129,MAGNETON 12,MR,SAO PAULO,SP,SÃO PAULO,Connection OK,2017-06-24
3027134048,CONNECTED BUT NOT SRS READY,SOM169,SOMATOM 6,CT,IPATINGA,MG,CENTRO,Connection Expired (More than 30 days),2014-04-23
3020269318,SRS READY,ART111,ARTIS 1,AXA,RIO DE JANEIRO,RJ,RIO DE JANEIRO,Connection OK,2011-12-23
3032686112,SRS READY,SOM157,SOMATOM 1,CT,DIVINOPOLIS,MG,CENTRO,Connection OK,2017-09-03
3016631069,SRS READY,MAG118,MAGNETOM 1,MR,GRAVATAI,RS,SUL,Connection OK,2011-01-21
3026540098,SRS READY,MUL142,MULTIX,XP RF,PORTO ALEGRE,RS,SUL,Connection OK,2014-01-02
3038882842,SRS READY,ART112,ARTIS 2,AXA,CAMPINAS,SP,SÃO PAULO INTERIOR,Connection Expired (More than 30 days),2019-03-28
3030996508,SRS READY,MAG119,MAGNETOM 2,MR,CAMACARI,BA,NORDESTE,Connection OK,2015-11-05
3032428452,SRS READY,SOM165,SOMATOM 2,CT,PRESIDENTE PRUDENTE,SP,SÃO PAULO INTERIOR,Connection Expired (More than 30 days),2016-06-15
3034612600,CONNECTED BUT NOT SRS READY,ACU101,ACUSON 1,US,SANTOS,SP,SÃO PAULO,Connection Expired (More than 30 days),2017-03-17
3042186725,SRS READY,SYN173,SYNGO 1,SY,SAO PAULO,SP,SÃO PAULO,Connection OK,2019-03-28
3019626963,SRS READY,MAM137,MAMMOMAT 1,XP WH,PORTO ALEGRE,RS,SUL,Connection Expired (More than 30 days),2011-12-16
3036323080,SRS READY,MAG125,MAGNETOM 8,MR,RIO DE JANEIRO,RJ,RIO DE JANEIRO,Connection OK,2017-11-30
3029082191,SRS READY,NUC152,NUCLEAR 5,MI SPECT,CHAPECO,SC,SUL,Connection Expired (More than 30 days),2014-11-13
3008604605,NOT CONNECTED,SOM166,SOMATOM 3,CT,BRASILIA,DF,CENTRO,Connection Expired (More than 30 days),2008-08-20
3018446285,SRS READY,MAG122,MAGNETOM 5,MR,PAULO AFONSO,BA,NORDESTE,Connection Expired (More than 30 days),2011-09-12
3013909930,SRS READY,MAG126,MAGNETOM 9,MR,CURITIBA,PR,SUL,Connection OK,2010-04-09
3017967455,SRS READY,SOM169,SOMATOM 6,CT,GRAVATAI,RS,SUL,Connection Expired (More than 30 days),2011-09-14
3020309214,CONNECTED BUT NOT SRS READY,ART111,ARTIS 1,AXA,SOBRAL,CE,NORDESTE,Connection Expired (More than 30 days),2011-12-23
3035649506,SRS READY,SOM157,SOMATOM 1,CT,CATANDUVA,SP,SÃO PAULO INTERIOR,Connection OK,2017-09-12
3016660326,SRS READY,MAG118,MAGNETOM 1,MR,BELO HORIZONTE,MG,CENTRO,Connection OK,2011-01-07
3039276049,SRS READY,ART112,ARTIS 2,AXA,DIVINOPOLIS,MG,CENTRO,Connection Expired (More than 30 days),2018-09-05
3022889390,SRS READY,MAG119,MAGNETOM 2,MR,CONSELHEIRO LAFAIETE,MG,CENTRO,Connection OK,2012-08-07
3032328125,SRS READY,MAG119,MAGNETOM 2,MR,JUAZEIRO,BA,NORDESTE,Connection OK,2016-07-13
3032428476,NOT CONNECTED,SOM165,SOMATOM 2,CT,SUZANO,SP,SÃO PAULO,Connection Expired (More than 30 days),2016-06-21
3018586379,NOT CONNECTED,ACU104,ACUSON 4,US,UBERLANDIA,MG,SÃO PAULO INTERIOR,Connection Expired (More than 30 days),2011-08-25
3042187026,SRS READY,SYN173,SYNGO 1,SY,SALVADOR,BA,NORDESTE,Connection OK,2019-06-17
3036480886,SRS READY,MAG125,MAGNETOM 8,MR,CAMPINAS,SP,SÃO PAULO INTERIOR,Connection OK,2017-09-03
3036222906,NOT CONNECTED,CIO116,CIOS,AXA SU,JAU,SP,SÃO PAULO INTERIOR,Connection Expired (More than 30 days),2017-08-10
3029094501,SRS READY,NUC152,NUCLEAR 5,MI SPECT,TATUI,SP,SÃO PAULO INTERIOR,Connection Expired (More than 30 days),2014-11-13
3008604783,NOT CONNECTED,SOM166,SOMATOM 3,CT,BRASILIA,DF,CENTRO,Connection Expired (More than 30 days),2008-08-20
3024697109,SRS READY,SOM168,SOMATOM 5,CT,FORTALEZA,CE,NORDESTE,Connection OK,2013-02-22
3041867760,SRS READY,MAM139,MAMMOMAT 3,XP WH,UBERLANDIA,MG,SÃO PAULO INTERIOR,Connection Expired (More than 30 days),2019-05-21
3019648353,SRS READY,SOM169,SOMATOM 6,CT,POA,SP,SÃO PAULO INTERIOR,Connection OK,2012-04-23
3036863280,CONNECTED BUT NOT SRS READY,MAG129,MAGNETON 12,MR,SAO PAULO,SP,SÃO PAULO,Connection Expired (More than 30 days),2017-08-28
3020420733,SRS READY,ART111,ARTIS 1,AXA,SAO PAULO,SP,SÃO PAULO,Connection Expired (More than 30 days),2012-03-09
3016700891,SRS READY,MAG118,MAGNETOM 1,MR,SAO PAULO,SP,SÃO PAULO,Connection OK,2011-02-07
3032328430,SRS READY,MAG119,MAGNETOM 2,MR,ITABUNA,BA,NORDESTE,Connection OK,2016-02-22
3032428478,SRS READY,SOM165,SOMATOM 2,CT,UBERLANDIA,MG,SÃO PAULO INTERIOR,Connection OK,2016-06-15
3018586509,NOT CONNECTED,ACU104,ACUSON 4,US,UBERLANDIA,MG,SÃO PAULO INTERIOR,Connection Expired (More than 30 days),2011-08-25
3035402449,NOT CONNECTED,ACU101,ACUSON 1,US,BAURU,SP,SÃO PAULO INTERIOR,Connection Expired (More than 30 days),2017-06-09
3042187028,CONNECTED BUT NOT SRS READY,SYN173,SYNGO 1,SY,SAO PAULO,SP,SÃO PAULO,Connection Expired (More than 30 days),2019-04-01
3019939088,CONNECTED BUT NOT SRS READY,MAM137,MAMMOMAT 1,XP WH,TAUBATE,SP,SÃO PAULO,Connection Expired (More than 30 days),2011-12-19
3036561987,SRS READY,MAG125,MAGNETOM 8,MR,BARUERI,SP,SÃO PAULO,Connection OK,2017-09-27
3024408752,CONNECTED BUT NOT SRS READY,ACU107,ACUSON 7,US,SAO PAULO,SP,SÃO PAULO,Connection Expired (More than 30 days),2013-02-05
3024947713,SRS READY,SOM168,SOMATOM 5,CT,SAO PAULO,SP,SÃO PAULO,Connection Expired (More than 30 days),2013-06-19
3014113734,SRS READY,MAG126,MAGNETOM 9,MR,RECIFE,PE,NORDESTE,Connection OK,2010-05-20
3041270801,SRS READY,MAG131,MAGNETON 14,MR,CUIABA,MT,CENTRO,Connection OK,2019-01-31
3038090795,CONNECTED BUT NOT SRS READY,MAG129,MAGNETON 12,MR,SAO PAULO,SP,SÃO PAULO,Connection OK,2018-01-04
3020432125,SRS READY,ART111,ARTIS 1,AXA,SAO PAULO,SP,SÃO PAULO,Connection OK,2012-02-23
3036435935,SRS READY,SOM157,SOMATOM 1,CT,SALVADOR,BA,NORDESTE,Connection OK,2017-09-20
3016976928,SRS READY,MAG118,MAGNETOM 1,MR,SAO JOSE DOS PINHAIS,PR,SUL,Connection OK,2011-02-12
3026741136,SRS READY,MUL142,MULTIX,XP RF,SAO PAULO,SP,SÃO PAULO,Connection Expired (More than 30 days),2014-08-25
3039680355,SRS READY,ART112,ARTIS 2,AXA,BRASILIA,DF,CENTRO,Connection Expired (More than 30 days),2019-03-15
3036307296,CONNECTED BUT NOT SRS READY,SOM160,SOMATOM 12,CT,SAO PAULO,SP,SÃO PAULO,Connection OK,2017-07-06
3023558143,CONNECTED BUT NOT SRS READY,MAG119,MAGNETOM 2,MR,SANTO ANDRE,SP,SÃO PAULO,Connection Expired (More than 30 days),2012-10-26
3033095151,SRS READY,SOM165,SOMATOM 2,CT,UBERABA,MG,SÃO PAULO INTERIOR,Connection OK,2016-08-26
3019281802,NOT CONNECTED,ACU104,ACUSON 4,US,PORTO ALEGRE,RS,SUL,Connection Expired (More than 30 days),2011-11-20
3028417953,SRS READY,ACU106,ACUSON 6,US,SAO JOSE DO RIO PRETO,SP,SÃO PAULO INTERIOR,Connection Expired (More than 30 days),2015-03-26
3020828109,CONNECTED BUT NOT SRS READY,MAM137,MAMMOMAT 1,XP WH,PORTO ALEGRE,RS,SUL,Connection Expired (More than 30 days),2012-07-25
3030304338,SRS READY,NUC152,NUCLEAR 5,MI SPECT,LONDRINA,PR,SUL,Connection Expired (More than 30 days),2015-09-25
3014277558,CONNECTED BUT NOT SRS READY,MAG126,MAGNETOM 9,MR,SAO PAULO,SP,SÃO PAULO,Connection OK,2010-05-27
3029024492,NOT CONNECTED,ARC110,ARCADIS,AXA SU,SAO BERNARDO DO CAMPO,SP,SÃO PAULO,Connection Expired (More than 30 days),2014-11-11
3019648692,CONNECTED BUT NOT SRS READY,SOM169,SOMATOM 6,CT,JOAO PESSOA,PB,NORDESTE,Connection Expired (More than 30 days),2012-02-03
3038283515,SRS READY,MAG129,MAGNETON 12,MR,SAO PAULO,SP,SÃO PAULO,Connection OK,2018-01-18
3027374221,SRS READY,SOM169,SOMATOM 6,CT,ALFENAS,MG,SÃO PAULO INTERIOR,Connection Expired (More than 30 days),2014-06-03
3020898133,SRS READY,ART111,ARTIS 1,AXA,SAO JOSE DOS CAMPOS,SP,SÃO PAULO,Connection Expired (More than 30 days),2012-04-16
3036446309,SRS READY,SOM157,SOMATOM 1,CT,NITEROI,RJ,RIO DE JANEIRO,Connection OK,2017-09-25
3017468431,SRS READY,MAG118,MAGNETOM 1,MR,CAMPO GRANDE,MS,SÃO PAULO INTERIOR,Connection OK,2011-06-09
3026965811,SRS READY,MUL142,MULTIX,XP RF,IPATINGA,MG,CENTRO,Connection Expired (More than 30 days),2014-02-05
3039906506,SRS READY,ART112,ARTIS 2,AXA,UBERABA,MG,SÃO PAULO INTERIOR,Connection OK,2019-03-28
3037393145,SRS READY,SOM160,SOMATOM 12,CT,SAO PAULO,SP,SÃO PAULO,Connection OK,2017-11-28
3024248796,SRS READY,MAG119,MAGNETOM 2,MR,PARAUAPEBAS,PA,CENTRO,Connection OK,2013-01-16
3020918837,NOT CONNECTED,MAM137,MAMMOMAT 1,XP WH,FORTALEZA,CE,NORDESTE,Connection Expired (More than 30 days),2012-03-22
3036344294,NOT CONNECTED,CIO116,CIOS,AXA SU,NOVO HORIZONTE,SP,SÃO PAULO INTERIOR,Connection Expired (More than 30 days),2017-09-21
3025203329,CONNECTED BUT NOT SRS READY,ACU107,ACUSON 7,US,PETROPOLIS,RJ,RIO DE JANEIRO,Connection Expired (More than 30 days),2013-06-24
3010108384,CONNECTED BUT NOT SRS READY,SOM166,SOMATOM 3,CT,BRASILIA,DF,CENTRO,Connection Expired (More than 30 days),2009-04-02
3025646895,SRS READY,SOM168,SOMATOM 5,CT,SAO PAULO,SP,SÃO PAULO,Connection OK,2013-09-16
3021567634,SRS READY,MAG122,MAGNETOM 5,MR,SAPIRANGA,RS,SUL,Connection OK,2012-06-01
3023777556,SRS READY,SOM172,SOMATOM 9,CT,SUZANO,SP,SÃO PAULO,Connection OK,2013-05-28
3014414311,SRS READY,MAG126,MAGNETOM 9,MR,JOAO PESSOA,PB,NORDESTE,Connection OK,2010-06-22
3041598691,SRS READY,MAG131,MAGNETON 14,MR,SALTO,SP,SÃO PAULO INTERIOR,Connection OK,2019-04-11
3029301297,NOT CONNECTED,ARC110,ARCADIS,AXA SU,CAMPINAS,SP,SÃO PAULO INTERIOR,Connection Expired (More than 30 days),2015-01-09
3019881456,SRS READY,SOM169,SOMATOM 6,CT,DOURADOS,MS,SÃO PAULO INTERIOR,Connection OK,2012-01-17
3038396769,CONNECTED BUT NOT SRS READY,MAG129,MAGNETON 12,MR,PALHOCA,SC,SUL,Connection OK,2018-02-13
3027374530,SRS READY,SOM169,SOMATOM 6,CT,PALMAS,TO,CENTRO,Connection Expired (More than 30 days),2014-08-22
3045255824,SRS READY,SOM159,SOMATOM 11,CT,CANELA,RS,SUL,Connection OK,2020-03-10
3020952257,SRS READY,ART111,ARTIS 1,AXA,SAO PAULO,SP,SÃO PAULO,Connection OK,2013-01-09
3037145467,SRS READY,SOM157,SOMATOM 1,CT,CAMPINAS,SP,SÃO PAULO INTERIOR,Connection On Risk (No Data from Last 30 days),2017-09-16
3017779262,SRS READY,MAG118,MAGNETOM 1,MR,BELO HORIZONTE,MG,CENTRO,Connection OK,2011-05-11
3037636221,SRS READY,SOM160,SOMATOM 12,CT,SAO PAULO,SP,SÃO PAULO,Connection OK,2017-11-18
3024411520,SRS READY,MAG119,MAGNETOM 2,MR,ARARAS,SP,SÃO PAULO INTERIOR,Connection OK,2013-01-07
3033095166,SRS READY,SOM165,SOMATOM 2,CT,ARACUAI,MG,CENTRO,Connection OK,2016-08-03
3022110537,SRS READY,MAM137,MAMMOMAT 1,XP WH,SAO PAULO,SP,SÃO PAULO,Connection Expired (More than 30 days),2012-06-01
3009704951,NOT CONNECTED,SOM166,SOMATOM 3,CT,BRASILIA,DF,CENTRO,Connection Expired (More than 30 days),2009-04-02
3025706868,SRS READY,SOM168,SOMATOM 5,CT,BRASILIA,DF,CENTRO,Connection OK,2013-09-10
3023777567,SRS READY,SOM172,SOMATOM 9,CT,SAO MATEUS,ES,RIO DE JANEIRO,Connection OK,2013-01-02
3014461561,SRS READY,MAG126,MAGNETOM 9,MR,RIO DE JANEIRO,RJ,RIO DE JANEIRO,Connection OK,2010-07-22
3041680374,SRS READY,MAG131,MAGNETON 14,MR,BELO HORIZONTE,MG,CENTRO,Connection OK,2019-03-22
3029423975,NOT CONNECTED,ARC110,ARCADIS,AXA SU,RIO DE JANEIRO,RJ,RIO DE JANEIRO,Connection Expired (More than 30 days),2015-07-07
3019881454,SRS READY,SOM169,SOMATOM 6,CT,BELO HORIZONTE,MG,CENTRO,Connection OK,2012-03-01
3027560355,SRS READY,SOM169,SOMATOM 6,CT,CUIABA,MT,CENTRO,Connection Expired (More than 30 days),2015-07-24
3045255837,SRS READY,SOM159,SOMATOM 11,CT,CAMPO BOM,RS,SUL,Connection OK,2020-03-10
3021055617,SRS READY,ART111,ARTIS 1,AXA,SALVADOR,BA,NORDESTE,Connection OK,2012-03-15
3037149824,SRS READY,SOM157,SOMATOM 1,CT,SAO PAULO,SP,SÃO PAULO,Connection OK,2017-09-16
3018184334,SRS READY,MAG118,MAGNETOM 1,MR,BARUERI,SP,SÃO PAULO,Connection OK,2011-07-26
3039646819,SRS READY,SOM160,SOMATOM 12,CT,SAO PAULO,SP,SÃO PAULO,Connection OK,2018-06-18
3024477673,SRS READY,MAG119,MAGNETOM 2,MR,CARPINA,PE,NORDESTE,Connection Expired (More than 30 days),2013-04-16
3033144291,SRS READY,SOM165,SOMATOM 2,CT,PRESIDENTE PRUDENTE,SP,SÃO PAULO INTERIOR,Connection Expired (More than 30 days),2016-08-15
3044922425,SRS READY,SYN173,SYNGO 1,SY,PORTO ALEGRE,RS,SUL,Connection OK,2020-01-08
3022118676,SRS READY,MAM137,MAMMOMAT 1,XP WH,SAO PAULO,SP,SÃO PAULO,Connection Expired (More than 30 days),2012-06-01
3031532244,SRS READY,NUC152,NUCLEAR 5,MI SPECT,RIO DE JANEIRO,RJ,RIO DE JANEIRO,Connection OK,2016-02-15
3025803339,SRS READY,SOM168,SOMATOM 5,CT,RIO DE JANEIRO,RJ,RIO DE JANEIRO,Connection Expired (More than 30 days),2013-10-06
3014949291,SRS READY,MAG126,MAGNETOM 9,MR,SAO PAULO,SP,SÃO PAULO,Connection OK,2010-08-23
3040542484,SRS READY,MAG131,MAGNETON 14,MR,NOVA IGUACU,RJ,RIO DE JANEIRO,Connection OK,2018-12-26
3020086602,NOT CONNECTED,SOM169,SOMATOM 6,CT,FORTALEZA,CE,NORDESTE,Connection Expired (More than 30 days),2012-08-21
3038949374,SRS READY,MAG129,MAGNETON 12,MR,UBERABA,MG,SÃO PAULO INTERIOR,Connection OK,2018-04-13
3027561359,CONNECTED BUT NOT SRS READY,SOM169,SOMATOM 6,CT,OURINHOS,SP,SÃO PAULO INTERIOR,Connection Expired (More than 30 days),2014-07-24
3045255879,SRS READY,SOM159,SOMATOM 11,CT,SANTOS,SP,SÃO PAULO,Connection OK,2020-03-10
3021055673,SRS READY,ART111,ARTIS 1,AXA,SALVADOR,BA,NORDESTE,Connection OK,2012-06-18
3027274365,SRS READY,MUL142,MULTIX,XP RF,NATAL,RN,NORDESTE,Connection OK,2014-03-24
3040652107,CONNECTED BUT NOT SRS READY,ART112,ARTIS 2,AXA,CURITIBA,PR,SUL,Connection Expired (More than 30 days),2019-02-04
3039803123,SRS READY,SOM160,SOMATOM 12,CT,SAO PAULO,SP,SÃO PAULO,Connection OK,2018-07-05
3033144298,SRS READY,SOM165,SOMATOM 2,CT,PINHAIS,PR,SUL,Connection OK,2016-08-29
3022940946,SRS READY,MAM137,MAMMOMAT 1,XP WH,PASSO FUNDO,RS,SUL,Connection Expired (More than 30 days),2012-09-05
3031864353,SRS READY,NUC152,NUCLEAR 5,MI SPECT,SAO PAULO,SP,SÃO PAULO,Connection Expired (More than 30 days),2015-12-22
3027012321,SRS READY,SOM168,SOMATOM 5,CT,JUIZ DE FORA,MG,RIO DE JANEIRO,Connection Expired (More than 30 days),2014-01-31
3022179722,SRS READY,MAG122,MAGNETOM 5,MR,GARANHUNS,PE,NORDESTE,Connection OK,2012-09-12
3042911498,SRS READY,MAM139,MAMMOMAT 3,XP WH,FLORIANOPOLIS,SC,SUL,Connection Expired (More than 30 days),2019-05-24
3015135414,SRS READY,MAG126,MAGNETOM 9,MR,MARINGA,PR,SUL,Connection Expired (More than 30 days),2010-08-21
3020086603,SRS READY,SOM169,SOMATOM 6,CT,CAMPO GRANDE,MS,SÃO PAULO INTERIOR,Connection OK,2012-07-04
3039827891,SRS READY,MAG129,MAGNETON 12,MR,CAMPINAS,SP,SÃO PAULO INTERIOR,Connection OK,2018-07-17
3045699662,SRS READY,SOM159,SOMATOM 11,CT,BELEM,PA,CENTRO,Connection OK,2020-03-16
3021256788,SRS READY,ART111,ARTIS 1,AXA,ITAPEVA,SP,SÃO PAULO INTERIOR,Connection Expired (More than 30 days),2012-05-17
3037423123,SRS READY,SOM157,SOMATOM 1,CT,NATAL,RN,NORDESTE,Connection Expired (More than 30 days),2017-10-12
3018798671,CONNECTED BUT NOT SRS READY,MAG118,MAGNETOM 1,MR,BARUERI,SP,SÃO PAULO,Connection OK,2013-01-09
3041042119,SRS READY,ART112,ARTIS 2,AXA,CORUMBA,MS,SÃO PAULO INTERIOR,Connection Expired (More than 30 days),2019-03-12
3039853784,SRS READY,SOM160,SOMATOM 12,CT,RIO DE JANEIRO,RJ,RIO DE JANEIRO,Connection Expired (More than 30 days),2018-07-10
3024536222,SRS READY,MAG119,MAGNETOM 2,MR,JI-PARANA,RO,CENTRO,Connection OK,2013-01-28
3033144303,SRS READY,SOM165,SOMATOM 2,CT,SAO JOSE DOS CAMPOS,SP,SÃO PAULO,Connection Expired (More than 30 days),2016-08-19
3045811118,SRS READY,SYN173,SYNGO 1,SY,CAXIAS DO SUL,RS,SUL,Connection OK,2020-03-27
3022947448,SRS READY,MAM137,MAMMOMAT 1,XP WH,PASSO FUNDO,RS,SUL,Connection Expired (More than 30 days),2012-09-05
3031809289,SRS READY,NUC152,NUCLEAR 5,MI SPECT,SAO PAULO,SP,SÃO PAULO,Connection Expired (More than 30 days),2015-12-22
3027282867,SRS READY,SOM168,SOMATOM 5,CT,SAO JOSE DOS CAMPOS,SP,SÃO PAULO,Connection OK,2014-03-25
3015224211,SRS READY,MAG126,MAGNETOM 9,MR,CASCAVEL,PR,SUL,Connection OK,2011-09-14
3041772915,SRS READY,MAG131,MAGNETON 14,MR,CAMPO GRANDE,MS,SÃO PAULO INTERIOR,Connection OK,2019-05-27
3020266645,SRS READY,SOM169,SOMATOM 6,CT,CAMPO GRANDE,MS,SÃO PAULO INTERIOR,Connection Expired (More than 30 days),2012-05-17
3040439390,SRS READY,MAG129,MAGNETON 12,MR,POCOS DE CALDAS,MG,SÃO PAULO INTERIOR,Connection OK,2019-01-20
3045699804,SRS READY,SOM159,SOMATOM 11,CT,CHAPADINHA,MA,NORDESTE,Connection OK,2020-03-16
3021260646,SRS READY,ART111,ARTIS 1,AXA,OSASCO,SP,SÃO PAULO INTERIOR,Connection OK,2012-12-17
3037438726,SRS READY,SOM157,SOMATOM 1,CT,CAMPO GRANDE,MS,SÃO PAULO INTERIOR,Connection Expired (More than 30 days),2017-10-12
3018869684,CONNECTED BUT NOT SRS READY,MAG118,MAGNETOM 1,MR,CURITIBA,PR,SUL,Connection Expired (More than 30 days),2011-09-21
3027552435,SRS READY,MUL142,MULTIX,XP RF,NATAL,RN,NORDESTE,Connection OK,2014-03-20
3025579701,SRS READY,MAG119,MAGNETOM 2,MR,SAO PAULO,SP,SÃO PAULO,Connection OK,2013-07-19
3033288454,CONNECTED BUT NOT SRS READY,SOM165,SOMATOM 2,CT,BRACO DO NORTE,SC,SUL,Connection Expired (More than 30 days),2016-09-22
3046010371,SRS READY,SYN173,SYNGO 1,SY,SALVADOR,BA,NORDESTE,Connection OK,2020-04-13
3022994639,SRS READY,MAM137,MAMMOMAT 1,XP WH,PASSO FUNDO,RS,SUL,Connection Expired (More than 30 days),2012-09-30
3036597159,NOT CONNECTED,CIO116,CIOS,AXA SU,SAO PAULO,SP,SÃO PAULO,Connection Expired (More than 30 days),2017-09-14
3025953819,NOT CONNECTED,ACU107,ACUSON 7,US,RECIFE,PE,NORDESTE,Connection Expired (More than 30 days),2013-09-27
3025736460,CONNECTED BUT NOT SRS READY,SYN174,SYNGO 2,SY,SAO JOSE DOS CAMPOS,SP,SÃO PAULO,Connection Expired (More than 30 days),2013-09-05
3010107544,SRS READY,SOM166,SOMATOM 3,CT,BRASILIA,DF,CENTRO,Connection OK,2009-04-06
3027317697,SRS READY,SOM168,SOMATOM 5,CT,MOGI DAS CRUZES,SP,SÃO PAULO,Connection Expired (More than 30 days),2014-03-25
3015502309,SRS READY,MAG126,MAGNETOM 9,MR,RIO DE JANEIRO,RJ,RIO DE JANEIRO,Connection OK,2010-09-23
3041835954,SRS READY,MAG131,MAGNETON 14,MR,CALDAS NOVAS,GO,CENTRO,Connection OK,2019-02-27
3045700230,SRS READY,SOM159,SOMATOM 11,CT,RAUL SOARES,MG,CENTRO,Connection OK,2020-03-16
3021568666,SRS READY,ART111,ARTIS 1,AXA,ARARAQUARA,SP,SÃO PAULO INTERIOR,Connection Expired (More than 30 days),2012-05-30
3019624517,SRS READY,MAG118,MAGNETOM 1,MR,PETROPOLIS,RJ,RIO DE JANEIRO,Connection OK,2011-10-31
3033288458,SRS READY,SOM165,SOMATOM 2,CT,SANTAREM,PA,CENTRO,Connection OK,2016-09-08
3048774187,CONNECTED BUT NOT SRS READY,SYN173,SYNGO 1,SY,SOROCABA,SP,SÃO PAULO INTERIOR,Connection OK,2021-02-19
3036610631,NOT CONNECTED,CIO116,CIOS,AXA SU,CURITIBA,PR,SUL,Connection Expired (More than 30 days),2017-09-29
3010755896,NOT CONNECTED,SOM166,SOMATOM 3,CT,BRASILIA,DF,CENTRO,Connection Expired (More than 30 days),2010-07-29
3039980296,SRS READY,SOM168,SOMATOM 5,CT,SAO PAULO,SP,SÃO PAULO,Connection OK,2018-07-26
3024134521,SRS READY,MAG122,MAGNETOM 5,MR,LINS,SP,SÃO PAULO INTERIOR,Connection Expired (More than 30 days),2013-02-19
3024089588,NOT CONNECTED,SOM172,SOMATOM 9,CT,SAO PAULO,SP,SÃO PAULO,Connection Expired (More than 30 days),2013-07-25
3015743134,SRS READY,MAG126,MAGNETOM 9,MR,SAO PAULO,SP,SÃO PAULO INTERIOR,Connection OK,2010-10-22
3042156819,SRS READY,MAG131,MAGNETON 14,MR,JUNDIAI,SP,SÃO PAULO INTERIOR,Connection OK,2019-06-03
3040925341,SRS READY,MAG129,MAGNETON 12,MR,ITUIUTABA,MG,SÃO PAULO INTERIOR,Connection OK,2019-03-20
3028201879,SRS READY,SOM169,SOMATOM 6,CT,PORTO ALEGRE,RS,SUL,Connection Expired (More than 30 days),2014-12-02
3045715249,SRS READY,SOM159,SOMATOM 11,CT,CAMPINAS,SP,SÃO PAULO INTERIOR,Connection OK,2020-03-16
3022261419,SRS READY,ART111,ARTIS 1,AXA,CATANDUVA,SP,SÃO PAULO INTERIOR,Connection Expired (More than 30 days),2012-08-28
3037661475,SRS READY,ACU105,ACUSON 5,US,SAO BERNARDO DO CAMPO,SP,SÃO PAULO,Connection Expired (More than 30 days),2017-10-28
3019759851,SRS READY,MAG118,MAGNETOM 1,MR,BARUERI,SP,SÃO PAULO,Connection OK,2012-07-02
3025875304,SRS READY,MAG119,MAGNETOM 2,MR,RECIFE,PE,NORDESTE,Connection OK,2013-08-05
3033288460,SRS READY,SOM165,SOMATOM 2,CT,ANDRADINA,SP,SÃO PAULO INTERIOR,Connection OK,2016-08-26
3019679269,NOT CONNECTED,ACU104,ACUSON 4,US,SAO PAULO,SP,SÃO PAULO,Connection Expired (More than 30 days),2014-01-17
3030548069,CONNECTED BUT NOT SRS READY,NUC145,NUCLEAR 11,MR,SAO PAULO,SP,SÃO PAULO,Connection OK,2015-08-19
3010766597,NOT CONNECTED,SOM166,SOMATOM 3,CT,BRASILIA,DF,CENTRO,Connection Expired (More than 30 days),2010-08-03
3040608430,SRS READY,SOM168,SOMATOM 5,CT,PETROPOLIS,RJ,RIO DE JANEIRO,Connection OK,2018-12-14
3024269243,SRS READY,MAG122,MAGNETOM 5,MR,TUCURUI,PA,CENTRO,Connection Expired (More than 30 days),2012-12-17
3015869409,SRS READY,MAG126,MAGNETOM 9,MR,BAURU,SP,SÃO PAULO INTERIOR,Connection OK,2010-10-26
3042185980,SRS READY,MAG131,MAGNETON 14,MR,CUIABA,MT,CENTRO,Connection OK,2019-06-14
3032082941,NOT CONNECTED,ARC110,ARCADIS,AXA SU,SAO PAULO,SP,SÃO PAULO,Connection Expired (More than 30 days),2016-04-01
3045943512,SRS READY,SOM159,SOMATOM 11,CT,SAO PAULO,SP,SÃO PAULO INTERIOR,Connection OK,2020-04-07
3038460340,SRS READY,SOM157,SOMATOM 1,CT,CHAPECO,SC,SUL,Connection Expired (More than 30 days),2018-02-13
3019837377,SRS READY,MAG118,MAGNETOM 1,MR,UBERABA,MG,SÃO PAULO INTERIOR,Connection OK,2011-11-02
3027938467,CONNECTED BUT NOT SRS READY,MUL142,MULTIX,XP RF,MOGI DAS CRUZES,SP,SÃO PAULO,Connection Expired (More than 30 days),2014-05-27
3023139718,SRS READY,MAG119,MAGNETOM 2,MR,FRANCA,SP,SÃO PAULO INTERIOR,Connection OK,2013-02-27
3033288462,SRS READY,SOM165,SOMATOM 2,CT,SAO GONCALO,RJ,RIO DE JANEIRO,Connection OK,2016-11-23
3019371822,SRS READY,SYN173,SYNGO 1,SY,SAO PAULO,SP,SÃO PAULO,Connection OK,2011-11-21
3010785462,SRS READY,SOM166,SOMATOM 3,CT,CARAGUATATUBA,SP,SÃO PAULO,Connection Expired (More than 30 days),2009-09-17
3040764494,SRS READY,SOM168,SOMATOM 5,CT,JOINVILLE,SC,SUL,Connection OK,2018-12-10
3024089596,SRS READY,SOM172,SOMATOM 9,CT,RIBEIRA DO POMBAL,BA,NORDESTE,Connection OK,2013-09-18
3021089413,SRS READY,SOM169,SOMATOM 6,CT,SALVADOR,BA,NORDESTE,Connection OK,2012-05-17
3045943523,SRS READY,SOM159,SOMATOM 11,CT,ITIQUIRA,MT,CENTRO,Connection OK,2020-04-13
3038483885,SRS READY,SOM157,SOMATOM 1,CT,SAO CARLOS,SP,SÃO PAULO INTERIOR,Connection OK,2018-02-13
3019915799,SRS READY,MAG118,MAGNETOM 1,MR,SAO PAULO,SP,SÃO PAULO,Connection OK,2012-12-12
3042381875,SRS READY,ART112,ARTIS 2,AXA,PRESIDENTE PRUDENTE,SP,SÃO PAULO INTERIOR,Connection Expired (More than 30 days),2019-08-27
3023810973,SRS READY,MAG119,MAGNETOM 2,MR,SAO CARLOS,SP,SÃO PAULO INTERIOR,Connection OK,2013-01-21
3033288464,SRS READY,SOM165,SOMATOM 2,CT,ITAPIRA,SP,SÃO PAULO INTERIOR,Connection Expired (More than 30 days),2016-08-26
3019423178,SRS READY,SYN173,SYNGO 1,SY,CASCAVEL,PR,SUL,Connection OK,2012-02-07
3024454187,SRS READY,MAM137,MAMMOMAT 1,XP WH,RIO DE JANEIRO,RJ,RIO DE JANEIRO,Connection Expired (More than 30 days),2013-02-27
3028917626,SRS READY,SOM168,SOMATOM 5,CT,SAO PAULO,SP,SÃO PAULO,Connection OK,2014-12-12
3024089600,SRS READY,SOM172,SOMATOM 9,CT,BELO HORIZONTE,MG,CENTRO,Connection Expired (More than 30 days),2013-10-18
3016821883,SRS READY,MAG126,MAGNETOM 9,MR,RECIFE,PE,NORDESTE,Connection OK,2011-02-14
3034804273,NOT CONNECTED,ARC110,ARCADIS,AXA SU,PIRACICABA,SP,SÃO PAULO INTERIOR,Connection Expired (More than 30 days),2016-12-26
3021376539,SRS READY,SOM169,SOMATOM 6,CT,RECIFE,PE,NORDESTE,Connection Expired (More than 30 days),2012-09-06
3028370045,SRS READY,SOM169,SOMATOM 6,CT,CARIACICA,ES,RIO DE JANEIRO,Connection OK,2014-11-17
3045943539,SRS READY,SOM159,SOMATOM 11,CT,CIANORTE,PR,SUL,Connection OK,2020-04-22
3022196543,SRS READY,ART111,ARTIS 1,AXA,MATAO,SP,SÃO PAULO INTERIOR,Connection Expired (More than 30 days),2012-08-15
3038508331,SRS READY,SOM157,SOMATOM 1,CT,RIO DE JANEIRO,RJ,RIO DE JANEIRO,Connection Expired (More than 30 days),2018-12-20
3019941467,CONNECTED BUT NOT SRS READY,MAG118,MAGNETOM 1,MR,ERECHIM,RS,SUL,Connection OK,2011-11-10
3028267888,NOT CONNECTED,MUL142,MULTIX,XP RF,BRASILIA,DF,CENTRO,Connection Expired (More than 30 days),2014-10-09
3023912129,SRS READY,MAG119,MAGNETOM 2,MR,FORMIGA,MG,CENTRO,Connection OK,2013-03-01
3033329220,SRS READY,SOM165,SOMATOM 2,CT,MURIAE,MG,RIO DE JANEIRO,Connection OK,2016-09-19
3042380104,SRS READY,SOM161,SOMATOM 13,CT,PETROPOLIS,RJ,RIO DE JANEIRO,Connection Expired (More than 30 days),2019-04-08
3019825690,SRS READY,SYN173,SYNGO 1,SY,BELEM,PA,CENTRO,Connection OK,2012-02-16
3027731297,NOT CONNECTED,ACU107,ACUSON 7,US,SAO PAULO,SP,SÃO PAULO,Connection Expired (More than 30 days),2014-04-29
3028948748,SRS READY,SOM168,SOMATOM 5,CT,BALNEARIO CAMBORIU,SC,SUL,Connection OK,2014-11-10
3046021727,SRS READY,ACU108,ACUSON 8,US,OURO PRETO DO OESTE,RO,CENTRO,Connection Expired (More than 30 days),2020-04-06
3006114883,SRS READY,SOM162,SOMATOM 14,CT,PORTO ALEGRE,RS,SUL,Connection Expired (More than 30 days),2007-02-22
3025732590,SRS READY,SOM172,SOMATOM 9,CT,BELO HORIZONTE,MG,CENTRO,Connection Expired (More than 30 days),2013-10-18
3017023453,SRS READY,MAG126,MAGNETOM 9,MR,NITEROI,RJ,RIO DE JANEIRO,Connection OK,2011-03-14
3042469158,SRS READY,MAG131,MAGNETON 14,MR,ITAPETININGA,SP,SÃO PAULO INTERIOR,Connection OK,2019-04-29
3021376540,SRS READY,SOM169,SOMATOM 6,CT,RECIFE,PE,NORDESTE,Connection OK,2012-07-03
3028378459,SRS READY,SOM169,SOMATOM 6,CT,BELO HORIZONTE,MG,CENTRO,Connection OK,2014-10-08
3045954706,SRS READY,SOM159,SOMATOM 11,CT,BELEM,PA,CENTRO,Connection OK,2020-04-22
3020614180,SRS READY,MAG118,MAGNETOM 1,MR,CRICIUMA,SC,SUL,Connection OK,2012-01-25
3028336843,CONNECTED BUT NOT SRS READY,MUL142,MULTIX,XP RF,SAO PAULO,SP,SÃO PAULO,Connection Expired (More than 30 days),2015-02-11
3044734542,SRS READY,ART112,ARTIS 2,AXA,GUARUJA,SP,SÃO PAULO,Connection Expired (More than 30 days),2020-05-07
3023915069,SRS READY,MAG119,MAGNETOM 2,MR,BELEM,PA,CENTRO,Connection OK,2012-12-19
3033329222,SRS READY,SOM165,SOMATOM 2,CT,MURIAE,MG,RIO DE JANEIRO,Connection OK,2016-09-19
3030134910,NOT CONNECTED,ACU106,ACUSON 6,US,SANTAREM,PA,CENTRO,Connection Expired (More than 30 days),2015-04-01
3019839762,SRS READY,SYN173,SYNGO 1,SY,SAO BERNARDO DO CAMPO,SP,SÃO PAULO,Connection Expired (More than 30 days),2012-06-22
3029497397,SRS READY,SOM168,SOMATOM 5,CT,RECIFE,PE,NORDESTE,Connection OK,2015-01-23
3046022616,NOT CONNECTED,ACU108,ACUSON 8,US,OURO PRETO DO OESTE,RO,CENTRO,Connection Expired (More than 30 days),2020-04-06
3006993014,SRS READY,SOM162,SOMATOM 14,CT,SAO PAULO,SP,SÃO PAULO,Connection OK,2007-08-30
3017044096,SRS READY,MAG126,MAGNETOM 9,MR,SALVADOR,BA,NORDESTE,Connection OK,2011-03-14
3042518639,SRS READY,MAG131,MAGNETON 14,MR,DIVINOPOLIS,MG,CENTRO,Connection OK,2019-07-26
3033183642,SRS READY,NUC146,NUCLEAR 12,MI SPECT,BELO HORIZONTE,MG,CENTRO,Connection Expired (More than 30 days),2016-11-11
3021567877,NOT CONNECTED,SOM169,SOMATOM 6,CT,PORTO VELHO,RO,CENTRO,Connection Expired (More than 30 days),2014-01-30
3046038615,SRS READY,SOM159,SOMATOM 11,CT,BOA VISTA,RR,CENTRO,Connection OK,2020-04-22
3022565730,SRS READY,ART111,ARTIS 1,AXA,SAO PAULO,SP,SÃO PAULO,Connection OK,2012-08-28
3039563250,SRS READY,SOM157,SOMATOM 1,CT,BELO HORIZONTE,MG,CENTRO,Connection OK,2019-02-26
3020602111,SRS READY,MAG118,MAGNETOM 1,MR,PALMAS,TO,CENTRO,Connection OK,2012-01-11
3028487335,NOT CONNECTED,MUL142,MULTIX,XP RF,BRASILIA,DF,CENTRO,Connection Expired (More than 30 days),2014-10-09
3045091074,SRS READY,ART112,ARTIS 2,AXA,BAURU,SP,SÃO PAULO INTERIOR,Connection Expired (More than 30 days),2020-05-07
3024089653,SRS READY,MAG119,MAGNETOM 2,MR,SAO PAULO,SP,SÃO PAULO,Connection OK,2013-05-09
3033329224,SRS READY,SOM165,SOMATOM 2,CT,ITUIUTABA,MG,SÃO PAULO INTERIOR,Connection Expired (More than 30 days),2016-10-05
3019773167,CONNECTED BUT NOT SRS READY,ACU104,ACUSON 4,US,PORTO VELHO,RO,CENTRO,Connection Expired (More than 30 days),2012-04-11
3020021228,SRS READY,SYN173,SYNGO 1,SY,BELO HORIZONTE,MG,CENTRO,Connection OK,2012-02-17
3025020470,SRS READY,MAM137,MAMMOMAT 1,XP WH,SAO PAULO,SP,SÃO PAULO,Connection Expired (More than 30 days),2013-05-28
3026918078,NOT CONNECTED,ACU107,ACUSON 7,US,SAO PAULO,SP,SÃO PAULO,Connection Expired (More than 30 days),2014-02-06
3029993449,SRS READY,SOM168,SOMATOM 5,CT,BRASILIA,DF,CENTRO,Connection OK,2015-09-22
3046023435,SRS READY,ACU108,ACUSON 8,US,SAO PAULO,SP,SÃO PAULO,Connection Expired (More than 30 days),2020-04-06
3008319356,SRS READY,SOM162,SOMATOM 14,CT,SAO PAULO,SP,SÃO PAULO,Connection Expired (More than 30 days),2008-07-10
3026392262,SRS READY,MAG122,MAGNETOM 5,MR,BOM DESPACHO,MG,CENTRO,Connection Expired (More than 30 days),2013-12-16
3017155318,SRS READY,MAG126,MAGNETOM 9,MR,FORTALEZA,CE,NORDESTE,Connection OK,2011-02-25
3042589203,SRS READY,MAG131,MAGNETON 14,MR,SALVADOR,BA,NORDESTE,Connection OK,2019-05-10
3022055660,SRS READY,SOM169,SOMATOM 6,CT,SAO PAULO,SP,SÃO PAULO,Connection OK,2012-09-24
3028825473,SRS READY,SOM169,SOMATOM 6,CT,SÃO PAULO,SP,SÃO PAULO,Connection OK,2014-11-30
3046743614,SRS READY,SOM159,SOMATOM 11,CT,CAMPINAS,SP,SÃO PAULO INTERIOR,Connection OK,2020-07-13
3022663536,SRS READY,ART111,ARTIS 1,AXA,NITEROI,RJ,RIO DE JANEIRO,Connection OK,2012-09-27
3021048670,SRS READY,MAG118,MAGNETOM 1,MR,GUARAPUAVA,PR,SUL,Connection Expired (More than 30 days),2012-03-22
3045237587,SRS READY,ART112,ARTIS 2,AXA,SUZANO,SP,SÃO PAULO,Connection Expired (More than 30 days),2020-08-06
3033507156,SRS READY,SOM165,SOMATOM 2,CT,CERES,GO,CENTRO,Connection OK,2016-12-16
3033100681,CONNECTED BUT NOT SRS READY,ACU106,ACUSON 6,US,SAO PAULO,SP,SÃO PAULO,Connection Expired (More than 30 days),2016-09-28
3020201073,CONNECTED BUT NOT SRS READY,SYN173,SYNGO 1,SY,SAO JOSE DOS CAMPOS,SP,SÃO PAULO,Connection Expired (More than 30 days),2012-08-24
3037099509,SRS READY,CIO116,CIOS,AXA SU,SANTOS,SP,SÃO PAULO,Connection Expired (More than 30 days),2017-11-23
3028405143,NOT CONNECTED,ACU107,ACUSON 7,US,FORTALEZA,CE,NORDESTE,Connection Expired (More than 30 days),2014-11-24
3012299418,SRS READY,SOM166,SOMATOM 3,CT,PORTO ALEGRE,RS,SUL,Connection Expired (More than 30 days),2010-03-10
3030238437,SRS READY,SOM168,SOMATOM 5,CT,UBERLANDIA,MG,SÃO PAULO INTERIOR,Connection Expired (More than 30 days),2015-11-25
3046023527,SRS READY,ACU108,ACUSON 8,US,SAO CARLOS,SP,SÃO PAULO INTERIOR,Connection Expired (More than 30 days),2020-04-06
3008358709,SRS READY,SOM162,SOMATOM 14,CT,RECIFE,PE,NORDESTE,Connection OK,2008-08-11
3029247059,SRS READY,MAG122,MAGNETOM 5,MR,ARAPIRACA,AL,NORDESTE,Connection Expired (More than 30 days),2015-07-02
3043515492,SRS READY,MAM139,MAMMOMAT 3,XP WH,BARUERI,SP,SÃO PAULO,Connection Expired (More than 30 days),2019-08-06
3017919172,SRS READY,MAG126,MAGNETOM 9,MR,RIO DE JANEIRO,RJ,RIO DE JANEIRO,Connection OK,2011-05-09
3042699577,SRS READY,MAG131,MAGNETON 14,MR,MINEIROS,GO,CENTRO,Connection OK,2019-05-10
3034376094,SRS READY,NUC146,NUCLEAR 12,MI SPECT,MOGI MIRIM,SP,SÃO PAULO INTERIOR,Connection Expired (More than 30 days),2016-12-19
3022055661,SRS READY,SOM169,SOMATOM 6,CT,JUIZ DE FORA,MG,RIO DE JANEIRO,Connection OK,2013-01-29
3046744049,SRS READY,SOM159,SOMATOM 11,CT,MANAUS,AM,CENTRO,Connection OK,2020-07-13
3022822787,SRS READY,ART111,ARTIS 1,AXA,RIO DE JANEIRO,RJ,RIO DE JANEIRO,Connection OK,2012-09-30
3021210735,SRS READY,MAG118,MAGNETOM 1,MR,BENTO GONCALVES,RS,SUL,Connection OK,2012-03-28
3045502304,SRS READY,ART112,ARTIS 2,AXA,ARARAQUARA,SP,SÃO PAULO INTERIOR,Connection Expired (More than 30 days),2020-08-17
3024650741,SRS READY,MAG119,MAGNETOM 2,MR,SALVADOR,BA,NORDESTE,Connection Expired (More than 30 days),2013-07-31
3042611964,SRS READY,SOM161,SOMATOM 13,CT,CAMPO GRANDE,MS,SÃO PAULO INTERIOR,Connection OK,2019-08-05
3020499818,SRS READY,SYN173,SYNGO 1,SY,BELO HORIZONTE,MG,CENTRO,Connection Expired (More than 30 days),2012-09-24
3037112823,NOT CONNECTED,CIO116,CIOS,AXA SU,SANTO ANDRE,SP,SÃO PAULO,Connection Expired (More than 30 days),2018-01-04
3030407848,SRS READY,SOM168,SOMATOM 5,CT,SAO PAULO,SP,SÃO PAULO,Connection OK,2015-06-23
3046024066,SRS READY,ACU108,ACUSON 8,US,BELEM,PA,CENTRO,Connection Expired (More than 30 days),2020-04-06
3011531446,SRS READY,SOM162,SOMATOM 14,CT,NITEROI,RJ,RIO DE JANEIRO,Connection Expired (More than 30 days),2009-12-17
3017996117,NOT CONNECTED,MAG126,MAGNETOM 9,MR,BELEM,PA,CENTRO,Connection Expired (More than 30 days),2011-06-13
3042695543,SRS READY,MAG131,MAGNETON 14,MR,VOLTA REDONDA,RJ,RIO DE JANEIRO,Connection OK,2019-05-15
3034635205,SRS READY,NUC146,NUCLEAR 12,MI SPECT,RECIFE,PE,NORDESTE,Connection Expired (More than 30 days),2017-01-23
3022055662,SRS READY,SOM169,SOMATOM 6,CT,SAO PAULO,SP,SÃO PAULO,Connection Expired (More than 30 days),2013-01-11
3028905557,SRS READY,SOM169,SOMATOM 6,CT,ARACAJU,SE,NORDESTE,Connection OK,2015-04-22
3046744069,CONNECTED BUT NOT SRS READY,SOM159,SOMATOM 11,CT,RIO DE JANEIRO,RJ,RIO DE JANEIRO,Connection OK,2020-07-13
3021644907,SRS READY,MAG118,MAGNETOM 1,MR,JOINVILLE,SC,SUL,Connection Expired (More than 30 days),2012-05-17
3045795523,SRS READY,ART112,ARTIS 2,AXA,SANTOS,SP,SÃO PAULO,Connection OK,2020-10-16
3024766425,SRS READY,MAG119,MAGNETOM 2,MR,BETIM,MG,CENTRO,Connection OK,2013-07-17
3033847709,SRS READY,SOM165,SOMATOM 2,CT,ARACAJU,SE,NORDESTE,Connection Expired (More than 30 days),2016-12-23
3036445421,SRS READY,ACU101,ACUSON 1,US,ITAPERUNA,RJ,RIO DE JANEIRO,Connection Expired (More than 30 days),2017-09-15
3020550839,SRS READY,SYN173,SYNGO 1,SY,JUIZ DE FORA,MG,RIO DE JANEIRO,Connection OK,2013-01-18
3027768248,CONNECTED BUT NOT SRS READY,ACU107,ACUSON 7,US,SAO PAULO,SP,SÃO PAULO,Connection Expired (More than 30 days),2014-04-29
3030890909,SRS READY,SOM168,SOMATOM 5,CT,SAO PAULO,SP,SÃO PAULO,Connection OK,2015-09-24
3046024932,SRS READY,ACU108,ACUSON 8,US,BELEM,PA,CENTRO,Connection Expired (More than 30 days),2020-04-06
3031549231,SRS READY,MAG122,MAGNETOM 5,MR,TAQUARITINGA,SP,SÃO PAULO INTERIOR,Connection OK,2015-12-17
3018925371,SRS READY,MAG126,MAGNETOM 9,MR,SAO JOSE DOS CAMPOS,SP,SÃO PAULO,Connection OK,2011-09-09
3035518437,SRS READY,NUC146,NUCLEAR 12,MI SPECT,VITORIA,ES,RIO DE JANEIRO,Connection Expired (More than 30 days),2017-04-26
3022212893,SRS READY,SOM169,SOMATOM 6,CT,SAO PAULO,SP,SÃO PAULO,Connection OK,2012-06-20
3042829544,SRS READY,MAG129,MAGNETON 12,MR,VITORIA,ES,RIO DE JANEIRO,Connection OK,2019-08-09
3046744098,SRS READY,SOM159,SOMATOM 11,CT,ARAPIRACA,AL,NORDESTE,Connection OK,2020-07-13
3023680463,SRS READY,ART111,ARTIS 1,AXA,TERESINA,PI,NORDESTE,Connection OK,2012-10-25
3021837491,SRS READY,MAG118,MAGNETOM 1,MR,CARUARU,PE,NORDESTE,Connection OK,2012-05-08
3046430697,SRS READY,ART112,ARTIS 2,AXA,ARACAJU,SE,NORDESTE,Connection Expired (More than 30 days),2020-11-17
3024934504,CONNECTED BUT NOT SRS READY,MAG119,MAGNETOM 2,MR,ARACAJU,SE,NORDESTE,Connection OK,2013-08-21
3045971686,SRS READY,SOM161,SOMATOM 13,CT,GOVERNADOR VALADARES,MG,CENTRO,Connection Expired (More than 30 days),2020-04-22
3025545445,SRS READY,MAM137,MAMMOMAT 1,XP WH,PORTO ALEGRE,RS,SUL,Connection Expired (More than 30 days),2013-08-07
3037113437,SRS READY,CIO116,CIOS,AXA SU,SAO JOSE DO RIO PRETO,SP,SÃO PAULO INTERIOR,Connection Expired (More than 30 days),2017-11-16
3027791268,CONNECTED BUT NOT SRS READY,ACU107,ACUSON 7,US,SAO PAULO,SP,SÃO PAULO,Connection Expired (More than 30 days),2014-04-29
3008388839,CONNECTED BUT NOT SRS READY,NUC148,NUCLEAR 14,MI SPECT,CAXIAS DO SUL,RS,SUL,Connection OK,2008-03-17
3032019681,SRS READY,SOM168,SOMATOM 5,CT,SAO PAULO,SP,SÃO PAULO,Connection OK,2016-02-18
3046039714,SRS READY,ACU108,ACUSON 8,US,BOTUCATU,SP,SÃO PAULO INTERIOR,Connection Expired (More than 30 days),2020-04-06
3042380015,CONNECTED BUT NOT SRS READY,SOM163,SOMATOM 15,CT,JUINA,MT,CENTRO,Connection OK,2019-09-06
3042770103,SRS READY,MAG131,MAGNETON 14,MR,SAO JOSE DO RIO PRETO,SP,SÃO PAULO INTERIOR,Connection OK,2019-07-29
3035741295,SRS READY,NUC146,NUCLEAR 12,MI SPECT,SOROCABA,SP,SÃO PAULO INTERIOR,Connection Expired (More than 30 days),2017-04-11
3029288039,SRS READY,SOM169,SOMATOM 6,CT,JOAO PESSOA,PB,NORDESTE,Connection OK,2015-01-08
3046790212,SRS READY,SOM159,SOMATOM 11,CT,PORTO ALEGRE,RS,SUL,Connection OK,2020-07-20
3023961728,SRS READY,ART111,ARTIS 1,AXA,DIVINOPOLIS,MG,CENTRO,Connection Expired (More than 30 days),2012-11-28
3029174147,SRS READY,MUL142,MULTIX,XP RF,CHAPECO,SC,SUL,Connection Expired (More than 30 days),2016-09-13
3046532588,SRS READY,ART112,ARTIS 2,AXA,OLIVEIRA,MG,CENTRO,Connection Expired (More than 30 days),2020-12-07
3025004030,SRS READY,MAG119,MAGNETOM 2,MR,MOGI MIRIM,SP,SÃO PAULO INTERIOR,Connection OK,2013-08-02
3033847715,SRS READY,SOM165,SOMATOM 2,CT,PARANAVAI,PR,SUL,Connection Expired (More than 30 days),2017-02-15
3045971696,SRS READY,SOM161,SOMATOM 13,CT,MONTE ALTO,SP,SÃO PAULO INTERIOR,Connection OK,2020-04-22
3025633862,NOT CONNECTED,MAM137,MAMMOMAT 1,XP WH,NOVA FRIBURGO,RJ,RIO DE JANEIRO,Connection Expired (More than 30 days),2013-08-12
3037267317,NOT CONNECTED,CIO116,CIOS,AXA SU,JOAO PESSOA,PB,NORDESTE,Connection Expired (More than 30 days),2017-10-24
3027791304,CONNECTED BUT NOT SRS READY,ACU107,ACUSON 7,US,SAO PAULO,SP,SÃO PAULO,Connection Expired (More than 30 days),2014-04-29
3032696397,SRS READY,SOM168,SOMATOM 5,CT,SAO PAULO,SP,SÃO PAULO,Connection OK,2016-04-27
3047315800,NOT CONNECTED,ACU108,ACUSON 8,US,ANANINDEUA,PA,CENTRO,Connection Expired (More than 30 days),2020-09-30
3014239896,SRS READY,SOM162,SOMATOM 14,CT,GOIANIA,GO,CENTRO,Connection Expired (More than 30 days),2010-05-20
3042920835,SRS READY,SOM163,SOMATOM 15,CT,DIVINOPOLIS,MG,CENTRO,Connection OK,2019-06-06
3026382279,SRS READY,SOM172,SOMATOM 9,CT,UBA,MG,RIO DE JANEIRO,Connection Expired (More than 30 days),2014-03-20
3019525074,SRS READY,MAG126,MAGNETOM 9,MR,MACEIO,AL,NORDESTE,Connection OK,2011-10-19
3036071073,SRS READY,NUC146,NUCLEAR 12,MI SPECT,ARAPIRACA,AL,NORDESTE,Connection Expired (More than 30 days),2018-02-20
3022212895,SRS READY,SOM169,SOMATOM 6,CT,RIO DE JANEIRO,RJ,RIO DE JANEIRO,Connection Expired (More than 30 days),2013-01-29
3043674218,SRS READY,MAG129,MAGNETON 12,MR,BARUERI,SP,SÃO PAULO,Connection OK,2019-10-09
3046790233,SRS READY,SOM159,SOMATOM 11,CT,BELO HORIZONTE,MG,CENTRO,Connection OK,2020-07-20
3024176479,SRS READY,ART111,ARTIS 1,AXA,RIO DE JANEIRO,RJ,RIO DE JANEIRO,Connection Expired (More than 30 days),2013-04-01
3029272503,SRS READY,MUL142,MULTIX,XP RF,SAO PAULO,SP,SÃO PAULO,Connection Expired (More than 30 days),2016-01-07
3046691186,CONNECTED BUT NOT SRS READY,ART112,ARTIS 2,AXA,MARILIA,SP,SÃO PAULO INTERIOR,Connection Expired (More than 30 days),2020-12-29
3045985263,SRS READY,SOM161,SOMATOM 13,CT,PORTO VELHO,RO,CENTRO,Connection OK,2020-04-22
3021392664,SRS READY,SYN173,SYNGO 1,SY,BRASILIA,DF,CENTRO,Connection Expired (More than 30 days),2012-04-03
3025799960,SRS READY,MAM137,MAMMOMAT 1,XP WH,SAO JOSE DOS CAMPOS,SP,SÃO PAULO,Connection Expired (More than 30 days),2013-09-10
3037267347,NOT CONNECTED,CIO116,CIOS,AXA SU,SALVADOR,BA,NORDESTE,Connection Expired (More than 30 days),2017-12-26
3033204933,SRS READY,SOM168,SOMATOM 5,CT,RIO DE JANEIRO,RJ,RIO DE JANEIRO,Connection Expired (More than 30 days),2016-08-18
3014245371,SRS READY,SOM162,SOMATOM 14,CT,GOIANIA,GO,CENTRO,Connection Expired (More than 30 days),2010-06-28
3042962012,SRS READY,SOM163,SOMATOM 15,CT,PIRACICABA,SP,SÃO PAULO INTERIOR,Connection OK,2019-06-04
3026613742,NOT CONNECTED,SOM172,SOMATOM 9,CT,SAO PAULO,SP,SÃO PAULO,Connection Expired (More than 30 days),2014-03-01
3019722329,SRS READY,MAG126,MAGNETOM 9,MR,RECIFE,PE,NORDESTE,Connection OK,2011-11-01
3036302722,SRS READY,NUC146,NUCLEAR 12,MI SPECT,MACEIO,AL,NORDESTE,Connection Expired (More than 30 days),2017-07-17
3022329564,SRS READY,SOM169,SOMATOM 6,CT,SALVADOR,BA,NORDESTE,Connection Expired (More than 30 days),2013-02-26
3029347413,SRS READY,SOM169,SOMATOM 6,CT,JI-PARANA,RO,CENTRO,Connection OK,2015-09-22
3046790512,SRS READY,SOM159,SOMATOM 11,CT,TANGARA DA SERRA,MT,CENTRO,Connection OK,2020-07-20
3024305013,SRS READY,ART111,ARTIS 1,AXA,SAO PAULO,SP,SÃO PAULO,Connection Expired (More than 30 days),2013-03-01
3029376153,SRS READY,MUL142,MULTIX,XP RF,CAMPO GRANDE,MS,SÃO PAULO INTERIOR,Connection Expired (More than 30 days),2015-04-24
3036446651,SRS READY,ACU101,ACUSON 1,US,PETROPOLIS,RJ,RIO DE JANEIRO,Connection Expired (More than 30 days),2017-09-19
3045971673,SRS READY,SOM161,SOMATOM 13,CT,GUARULHOS,SP,SÃO PAULO,Connection OK,2020-04-22
3022627299,SRS READY,SYN173,SYNGO 1,SY,RECIFE,PE,NORDESTE,Connection OK,2012-12-05
3025968114,SRS READY,MAM137,MAMMOMAT 1,XP WH,ITAPEVI,SP,SÃO PAULO,Connection Expired (More than 30 days),2013-10-06
3036040863,SRS READY,SOM168,SOMATOM 5,CT,FLORIANOPOLIS,SC,SUL,Connection OK,2017-09-14
3043522348,SRS READY,SOM163,SOMATOM 15,CT,UBERABA,MG,SÃO PAULO INTERIOR,Connection OK,2019-08-07
3026625265,SRS READY,SOM172,SOMATOM 9,CT,CAMACARI,BA,NORDESTE,Connection Expired (More than 30 days),2014-03-28
3036525538,SRS READY,NUC146,NUCLEAR 12,MI SPECT,PORTO ALEGRE,RS,SUL,Connection Expired (More than 30 days),2017-09-20
3022329565,SRS READY,SOM169,SOMATOM 6,CT,ASSIS,SP,SÃO PAULO INTERIOR,Connection OK,2013-02-21
3016990120,SRS READY,MAG129,MAGNETON 12,MR,RIO DE JANEIRO,RJ,RIO DE JANEIRO,Connection OK,2011-02-15
3046802152,SRS READY,SOM159,SOMATOM 11,CT,MANAUS,AM,CENTRO,Connection OK,2020-07-20
3024386212,SRS READY,ART111,ARTIS 1,AXA,PONTA GROSSA,PR,SUL,Connection Expired (More than 30 days),2013-02-20
3023164163,SRS READY,MAG118,MAGNETOM 1,MR,PONTA GROSSA,PR,SUL,Connection OK,2012-09-24
3042207535,SRS READY,SOM164,SOMATOM 16,CT,BRASILIA,DF,CENTRO,Connection OK,2019-04-22
3034110590,SRS READY,SOM165,SOMATOM 2,CT,SANTA MARIA,RS,SUL,Connection OK,2017-03-24
3020628012,SRS READY,ACU104,ACUSON 4,US,SAPIRANGA,RS,SUL,Connection Expired (More than 30 days),2012-06-19
3046025501,SRS READY,SOM161,SOMATOM 13,CT,BELEM,PA,CENTRO,Connection OK,2020-07-14
3023382411,SRS READY,SYN173,SYNGO 1,SY,CAMPO GRANDE,MS,SÃO PAULO INTERIOR,Connection Expired (More than 30 days),2012-11-22
3026097622,SRS READY,MAM137,MAMMOMAT 1,XP WH,PORTO ALEGRE,RS,SUL,Connection Expired (More than 30 days),2014-01-30
3028428500,CONNECTED BUT NOT SRS READY,ACU107,ACUSON 7,US,SAO JOSE DO RIO PRETO,SP,SÃO PAULO INTERIOR,Connection Expired (More than 30 days),2015-03-26
3037616848,SRS READY,SOM168,SOMATOM 5,CT,SAO PAULO,SP,SÃO PAULO,Connection Expired (More than 30 days),2017-10-28
3026938887,SRS READY,SOM172,SOMATOM 9,CT,CATU,BA,NORDESTE,Connection OK,2014-04-23
3043078821,SRS READY,MAG131,MAGNETON 14,MR,GUAXUPE,MG,SÃO PAULO INTERIOR,Connection OK,2019-08-05
3036594143,SRS READY,NUC146,NUCLEAR 12,MI SPECT,BARBALHA,CE,NORDESTE,Connection Expired (More than 30 days),2017-09-04
3019543917,SRS READY,MAG129,MAGNETON 12,MR,SOROCABA,SP,SÃO PAULO INTERIOR,Connection OK,2011-10-20
3029435238,NOT CONNECTED,SOM169,SOMATOM 6,CT,CAMPINAS,SP,SÃO PAULO INTERIOR,Connection Expired (More than 30 days),2015-03-18
3046802729,SRS READY,SOM159,SOMATOM 11,CT,CAMPO FORMOSO,BA,NORDESTE,Connection OK,2020-07-20
3024442965,SRS READY,ART111,ARTIS 1,AXA,SALVADOR,BA,NORDESTE,Connection Expired (More than 30 days),2013-01-31
3023934074,CONNECTED BUT NOT SRS READY,MAG118,MAGNETOM 1,MR,SANTA MARIA,RS,SUL,Connection Expired (More than 30 days),2012-11-22
3042633476,SRS READY,SOM164,SOMATOM 16,CT,RIO CLARO,SP,SÃO PAULO INTERIOR,Connection OK,2019-07-04
3034123825,SRS READY,SOM165,SOMATOM 2,CT,SAPUCAIA DO SUL,RS,SUL,Connection Expired (More than 30 days),2017-03-03
3046038610,SRS READY,SOM161,SOMATOM 13,CT,BELEM,PA,CENTRO,Connection OK,2020-04-22
3024029758,SRS READY,SYN173,SYNGO 1,SY,RECIFE,PE,NORDESTE,Connection OK,2012-12-19
3037947465,SRS READY,SOM168,SOMATOM 5,CT,SAO PAULO,SP,SÃO PAULO,Connection OK,2017-12-10
3026939034,SRS READY,SOM172,SOMATOM 9,CT,TUPA,SP,SÃO PAULO INTERIOR,Connection Expired (More than 30 days),2014-04-30
3020043321,SRS READY,MAG126,MAGNETOM 9,MR,SAO PAULO,SP,SÃO PAULO,Connection OK,2012-12-12
3036722515,SRS READY,NUC146,NUCLEAR 12,MI SPECT,FEIRA DE SANTANA,BA,NORDESTE,Connection Expired (More than 30 days),2017-09-25
3022441670,SRS READY,SOM169,SOMATOM 6,CT,RIO DE JANEIRO,RJ,RIO DE JANEIRO,Connection Expired (More than 30 days),2013-04-24
3019684583,SRS READY,MAG129,MAGNETON 12,MR,CURITIBA,PR,SUL,Connection OK,2011-11-02
3046824062,SRS READY,SOM159,SOMATOM 11,CT,RIO DE JANEIRO,RJ,RIO DE JANEIRO,Connection OK,2020-07-20
3024481836,SRS READY,ART111,ARTIS 1,AXA,SAO PAULO,SP,SÃO PAULO,Connection Expired (More than 30 days),2013-02-21
3023983249,SRS READY,MAG118,MAGNETOM 1,MR,CURITIBA,PR,SUL,Connection OK,2012-12-10
3034509228,SRS READY,SOM165,SOMATOM 2,CT,SAO BERNARDO DO CAMPO,SP,SÃO PAULO,Connection Expired (More than 30 days),2017-03-14
3020628034,NOT CONNECTED,ACU104,ACUSON 4,US,CAMPO GRANDE,MS,SÃO PAULO INTERIOR,Connection Expired (More than 30 days),2012-05-16
3036447225,NOT CONNECTED,ACU101,ACUSON 1,US,SUZANO,SP,SÃO PAULO,Connection Expired (More than 30 days),2017-09-14
3046041152,SRS READY,SOM161,SOMATOM 13,CT,MACEIO,AL,NORDESTE,Connection OK,2020-04-22
3034625973,CONNECTED BUT NOT SRS READY,ACU106,ACUSON 6,US,SANTOS,SP,SÃO PAULO,Connection Expired (More than 30 days),2017-03-17
3024029885,SRS READY,SYN173,SYNGO 1,SY,RECIFE,PE,NORDESTE,Connection Expired (More than 30 days),2012-12-19
3029561737,SRS READY,ACU107,ACUSON 7,US,BRASILIA,DF,CENTRO,Connection Expired (More than 30 days),2015-12-11
3026939090,NOT CONNECTED,SOM172,SOMATOM 9,CT,SAO PAULO,SP,SÃO PAULO,Connection Expired (More than 30 days),2014-04-30
3020184830,SRS READY,MAG126,MAGNETOM 9,MR,BRASILIA,DF,CENTRO,Connection OK,2012-05-13
3043591820,SRS READY,MAG131,MAGNETON 14,MR,JUNQUEIROPOLIS,SP,SÃO PAULO INTERIOR,Connection OK,2019-08-12
3037488911,SRS READY,NUC146,NUCLEAR 12,MI SPECT,SAO BERNARDO DO CAMPO,SP,SÃO PAULO,Connection Expired (More than 30 days),2017-11-23
3022441689,SRS READY,SOM169,SOMATOM 6,CT,VITORIA,ES,RIO DE JANEIRO,Connection OK,2012-11-09
3019872256,SRS READY,MAG129,MAGNETON 12,MR,CAMPINAS,SP,SÃO PAULO INTERIOR,Connection OK,2011-11-04
3047168203,SRS READY,SOM159,SOMATOM 11,CT,DUQUE DE CAXIAS,RJ,RIO DE JANEIRO,Connection OK,2020-09-18
3024808580,SRS READY,ART111,ARTIS 1,AXA,PORTO ALEGRE,RS,SUL,Connection Expired (More than 30 days),2013-05-02
3034509230,SRS READY,SOM165,SOMATOM 2,CT,SAO BENTO DO SUL,SC,SUL,Connection OK,2017-03-03
3046057080,SRS READY,SOM161,SOMATOM 13,CT,NATAL,RN,NORDESTE,Connection OK,2020-07-14
3034626284,CONNECTED BUT NOT SRS READY,ACU106,ACUSON 6,US,SANTOS,SP,SÃO PAULO,Connection Expired (More than 30 days),2017-03-17
3024489092,SRS READY,SYN173,SYNGO 1,SY,SALVADOR,BA,NORDESTE,Connection Expired (More than 30 days),2013-03-12
3037392698,NOT CONNECTED,CIO116,CIOS,AXA SU,CATANDUVA,SP,SÃO PAULO INTERIOR,Connection Expired (More than 30 days),2018-01-05
3011718028,CONNECTED BUT NOT SRS READY,ACU104,ACUSON 4,US,SAO PAULO,SP,SÃO PAULO,Connection Expired (More than 30 days),2009-12-29
3044202922,SRS READY,MAM139,MAMMOMAT 3,XP WH,PALMAS,TO,CENTRO,Connection Expired (More than 30 days),2019-10-11
3043648345,SRS READY,MAG131,MAGNETON 14,MR,ANAPOLIS,GO,CENTRO,Connection OK,2019-08-19
3037478944,SRS READY,NUC146,NUCLEAR 12,MI SPECT,PORTO VELHO,RO,CENTRO,Connection Expired (More than 30 days),2017-12-05
3023396882,SRS READY,SOM169,SOMATOM 6,CT,JUIZ DE FORA,MG,RIO DE JANEIRO,Connection OK,2013-07-24
3020453429,SRS READY,MAG129,MAGNETON 12,MR,SAO PAULO,SP,SÃO PAULO,Connection On Risk (No Data from Last 30 days),2012-04-24
3030061777,SRS READY,SOM169,SOMATOM 6,CT,PRESIDENTE PRUDENTE,SP,SÃO PAULO INTERIOR,Connection OK,2015-09-18
3047168252,SRS READY,SOM159,SOMATOM 11,CT,GUARUJA,SP,SÃO PAULO,Connection OK,2020-09-18
3024960089,SRS READY,ART111,ARTIS 1,AXA,RIO DE JANEIRO,RJ,RIO DE JANEIRO,Connection Expired (More than 30 days),2013-06-03
3035264448,SRS READY,SOM165,SOMATOM 2,CT,RECIFE,PE,NORDESTE,Connection OK,2017-04-27
3020614458,SRS READY,ACU104,ACUSON 4,US,ITAPERUNA,RJ,RIO DE JANEIRO,Connection Expired (More than 30 days),2012-03-22
3046057622,SRS READY,SOM161,SOMATOM 13,CT,RECIFE,PE,NORDESTE,Connection OK,2020-07-14
3027046147,SRS READY,MAM137,MAMMOMAT 1,XP WH,CANOAS,RS,SUL,Connection Expired (More than 30 days),2016-07-26
3031347561,NOT CONNECTED,ACU107,ACUSON 7,US,CACOAL,RO,CENTRO,Connection Expired (More than 30 days),2016-03-17
3020546766,SRS READY,MAG126,MAGNETOM 9,MR,CAMPINAS,SP,SÃO PAULO INTERIOR,Connection On Risk (No Data from Last 30 days),2012-01-25
3037842226,SRS READY,NUC146,NUCLEAR 12,MI SPECT,SALVADOR,BA,NORDESTE,Connection Expired (More than 30 days),2017-12-22
3023396886,CONNECTED BUT NOT SRS READY,SOM169,SOMATOM 6,CT,RIBEIRAO PIRES,SP,SÃO PAULO,Connection Expired (More than 30 days),2013-05-28
3020539574,SRS READY,MAG129,MAGNETON 12,MR,PRESIDENTE PRUDENTE,SP,SÃO PAULO INTERIOR,Connection Expired (More than 30 days),2012-05-24
3047168281,NOT CONNECTED,SOM159,SOMATOM 11,CT,CAMPO VERDE,MT,CENTRO,Connection Expired (More than 30 days),2020-09-18
3024990562,SRS READY,ART111,ARTIS 1,AXA,OLINDA,PE,NORDESTE,Connection Expired (More than 30 days),2013-06-12
3025355699,SRS READY,MAG118,MAGNETOM 1,MR,RIO DE JANEIRO,RJ,RIO DE JANEIRO,Connection OK,2013-06-18
3030232983,SRS READY,MUL142,MULTIX,XP RF,BRASILIA,DF,CENTRO,Connection OK,2015-09-17
3045794291,CONNECTED BUT NOT SRS READY,SOM164,SOMATOM 16,CT,SUZANO,SP,SÃO PAULO,Connection OK,2020-07-20
3035462728,SRS READY,SOM165,SOMATOM 2,CT,RIO DE JANEIRO,RJ,RIO DE JANEIRO,Connection OK,2017-04-17
3020626771,NOT CONNECTED,ACU104,ACUSON 4,US,CAMPO GRANDE,MS,SÃO PAULO INTERIOR,Connection Expired (More than 30 days),2012-05-16
3046103704,SRS READY,SOM161,SOMATOM 13,CT,SAO LUIS,MA,NORDESTE,Connection Expired (More than 30 days),2020-07-14
3027055022,SRS READY,SOM172,SOMATOM 9,CT,ARAPONGAS,PR,SUL,Connection Expired (More than 30 days),2014-05-14
3020785657,SRS READY,MAG126,MAGNETOM 9,MR,FLORIANOPOLIS,SC,SUL,Connection OK,2012-06-14
3024553369,SRS READY,SOM169,SOMATOM 6,CT,MOGI DAS CRUZES,SP,SÃO PAULO,Connection Expired (More than 30 days),2013-04-25
3020547702,SRS READY,MAG129,MAGNETON 12,MR,CASCAVEL,PR,SUL,Connection OK,2012-02-14
3047188125,SRS READY,SOM159,SOMATOM 11,CT,BLUMENAU,SC,SUL,Connection OK,2020-10-16
3025012020,SRS READY,ART111,ARTIS 1,AXA,JUIZ DE FORA,MG,RIO DE JANEIRO,Connection OK,2013-07-02
3026001667,SRS READY,MAG118,MAGNETOM 1,MR,BELO HORIZONTE,MG,CENTRO,Connection OK,2013-10-18
3030300142,NOT CONNECTED,MUL142,MULTIX,XP RF,PORTO ALEGRE,RS,SUL,Connection Expired (More than 30 days),2015-09-13
3045878024,SRS READY,SOM164,SOMATOM 16,CT,SAO PAULO,SP,SÃO PAULO,Connection OK,2020-04-07
3035462736,SRS READY,SOM165,SOMATOM 2,CT,JUNDIAI,SP,SÃO PAULO INTERIOR,Connection On Risk (No Data from Last 30 days),2017-07-26
3046135761,SRS READY,SOM161,SOMATOM 13,CT,PARAUAPEBAS,PA,CENTRO,Connection OK,2020-07-14
3025172184,SRS READY,SYN173,SYNGO 1,SY,CACOAL,RO,CENTRO,Connection OK,2013-07-15
3021169807,SRS READY,MAG126,MAGNETOM 9,MR,ARACAJU,SE,NORDESTE,Connection OK,2012-03-27
3044059327,CONNECTED BUT NOT SRS READY,MAG131,MAGNETON 14,MR,BRASILIA,DF,CENTRO,Connection OK,2019-09-25
3024553371,SRS READY,SOM169,SOMATOM 6,CT,TRAMANDAI,RS,SUL,Connection Expired (More than 30 days),2013-11-01
3021062340,SRS READY,MAG129,MAGNETON 12,MR,SAO PAULO,SP,SÃO PAULO,Connection OK,2012-03-23
3047313796,SRS READY,SOM159,SOMATOM 11,CT,ARACAJU,SE,NORDESTE,Connection OK,2020-09-10
3025021953,SRS READY,ART111,ARTIS 1,AXA,RIO DE JANEIRO,RJ,RIO DE JANEIRO,Connection Expired (More than 30 days),2013-06-26
3027239552,SRS READY,MAG118,MAGNETOM 1,MR,SAO PAULO,SP,SÃO PAULO,Connection OK,2014-02-03
3030355535,CONNECTED BUT NOT SRS READY,MUL142,MULTIX,XP RF,BRASILIA,DF,CENTRO,Connection Expired (More than 30 days),2015-10-21
3045863963,SRS READY,SOM164,SOMATOM 16,CT,JOAO PESSOA,PB,NORDESTE,Connection OK,2020-04-22
3035462761,SRS READY,SOM165,SOMATOM 2,CT,SAO PAULO,SP,SÃO PAULO,Connection OK,2017-02-26
3020626817,NOT CONNECTED,ACU104,ACUSON 4,US,SAO PAULO,SP,SÃO PAULO,Connection Expired (More than 30 days),2012-07-27
3046225759,SRS READY,SOM161,SOMATOM 13,CT,PINHEIRO,MA,NORDESTE,Connection OK,2020-07-16
3027519556,SRS READY,MAM137,MAMMOMAT 1,XP WH,RIO DE JANEIRO,RJ,RIO DE JANEIRO,Connection Expired (More than 30 days),2014-04-14
3027584533,CONNECTED BUT NOT SRS READY,SOM172,SOMATOM 9,CT,SAO PAULO,SP,SÃO PAULO,Connection Expired (More than 30 days),2014-08-01
3022476717,SRS READY,MAG126,MAGNETOM 9,MR,BELEM,PA,CENTRO,Connection OK,2012-07-12
3038490049,SRS READY,NUC146,NUCLEAR 12,MI SPECT,UBERLANDIA,MG,SÃO PAULO INTERIOR,Connection Expired (More than 30 days),2018-01-29
3022071899,SRS READY,MAG129,MAGNETON 12,MR,CAMPINAS,SP,SÃO PAULO INTERIOR,Connection OK,2012-06-20
3047313800,NOT CONNECTED,SOM159,SOMATOM 11,CT,BREVES,PA,CENTRO,Connection Expired (More than 30 days),2020-09-10
3025029158,SRS READY,ART111,ARTIS 1,AXA,JUIZ DE FORA,MG,RIO DE JANEIRO,Connection OK,2013-07-02
3028067775,SRS READY,MAG118,MAGNETOM 1,MR,RIO DE JANEIRO,RJ,RIO DE JANEIRO,Connection OK,2014-05-29
3030651618,SRS READY,MUL142,MULTIX,XP RF,BELEM,PA,CENTRO,Connection Expired (More than 30 days),2016-02-02
3046113056,SRS READY,SOM164,SOMATOM 16,CT,SAO PAULO,SP,SÃO PAULO,Connection OK,2020-05-08
3035462772,SRS READY,SOM165,SOMATOM 2,CT,BELEM,PA,CENTRO,Connection Expired (More than 30 days),2017-06-06
3020629721,CONNECTED BUT NOT SRS READY,ACU104,ACUSON 4,US,ITAPERUNA,RJ,RIO DE JANEIRO,Connection Expired (More than 30 days),2012-03-22
3046250759,SRS READY,SOM161,SOMATOM 13,CT,SANTA INES,MA,NORDESTE,Connection OK,2020-07-17
3026055744,SRS READY,SYN173,SYNGO 1,SY,CARUARU,PE,NORDESTE,Connection OK,2014-03-27
3022638087,SRS READY,MAG126,MAGNETOM 9,MR,CANOAS,RS,SUL,Connection OK,2012-08-03
3039618964,SRS READY,NUC146,NUCLEAR 12,MI SPECT,LORENA,SP,SÃO PAULO,Connection Expired (More than 30 days),2018-06-04
3026469748,CONNECTED BUT NOT SRS READY,SOM169,SOMATOM 6,CT,TERESINA,PI,NORDESTE,Connection OK,2013-11-25
3022510291,SRS READY,MAG129,MAGNETON 12,MR,PORTO ALEGRE,RS,SUL,Connection OK,2012-07-18
3030381385,SRS READY,SOM169,SOMATOM 6,CT,PORTO VELHO,RO,CENTRO,Connection Expired (More than 30 days),2016-03-23
3047383386,SRS READY,SOM159,SOMATOM 11,CT,MANAUS,AM,CENTRO,Connection OK,2020-09-22
3025060848,CONNECTED BUT NOT SRS READY,ART111,ARTIS 1,AXA,RIO DE JANEIRO,RJ,RIO DE JANEIRO,Connection Expired (More than 30 days),2013-09-21
3028389838,SRS READY,MAG118,MAGNETOM 1,MR,RIO DE JANEIRO,RJ,RIO DE JANEIRO,Connection OK,2014-07-04
3046802130,CONNECTED BUT NOT SRS READY,SOM164,SOMATOM 16,CT,ANANINDEUA,PA,CENTRO,Connection Expired (More than 30 days),2020-09-30
3046363474,SRS READY,SOM161,SOMATOM 13,CT,ARACAJU,SE,NORDESTE,Connection Expired (More than 30 days),2020-07-17
3036474272,SRS READY,ACU106,ACUSON 6,US,BELEM,PA,CENTRO,Connection Expired (More than 30 days),2017-11-07
3026147645,SRS READY,SYN173,SYNGO 1,SY,RECIFE,PE,NORDESTE,Connection Expired (More than 30 days),2014-06-06
3012179634,NOT CONNECTED,ACU104,ACUSON 4,US,SAO PAULO,SP,SÃO PAULO,Connection Expired (More than 30 days),2010-04-26
3032437238,SRS READY,ACU107,ACUSON 7,US,BELEM,PA,CENTRO,Connection Expired (More than 30 days),2017-11-07
3022918729,CONNECTED BUT NOT SRS READY,MAG126,MAGNETOM 9,MR,MACEIO,AL,NORDESTE,Connection OK,2012-08-08
3044257644,SRS READY,MAG131,MAGNETON 14,MR,ITAJUBA,MG,SÃO PAULO INTERIOR,Connection OK,2019-10-16
3039981040,SRS READY,NUC146,NUCLEAR 12,MI SPECT,SALVADOR,BA,NORDESTE,Connection Expired (More than 30 days),2018-07-16
3025045750,SRS READY,MAG129,MAGNETON 12,MR,ERECHIM,RS,SUL,Connection OK,2013-04-22
3047384682,SRS READY,SOM159,SOMATOM 11,CT,PORTO VELHO,RO,CENTRO,Connection OK,2020-09-22
3031727892,SRS READY,MUL142,MULTIX,XP RF,RIO DE JANEIRO,RJ,RIO DE JANEIRO,Connection Expired (More than 30 days),2015-11-17
3047188241,SRS READY,SOM164,SOMATOM 16,CT,SANTOS,SP,SÃO PAULO,Connection OK,2020-10-05
3035577036,SRS READY,SOM165,SOMATOM 2,CT,SAO PAULO,SP,SÃO PAULO,Connection OK,2017-03-31
3046514678,SRS READY,SOM161,SOMATOM 13,CT,SAO LUIS,MA,NORDESTE,Connection OK,2020-07-22
3026396491,SRS READY,SYN173,SYNGO 1,SY,FORMIGA,MG,CENTRO,Connection OK,2014-03-28
3028137979,NOT CONNECTED,SOM172,SOMATOM 9,CT,SAO BERNARDO DO CAMPO,SP,SÃO PAULO,Connection Expired (More than 30 days),2014-10-07
3022954810,SRS READY,MAG126,MAGNETOM 9,MR,RIO DE JANEIRO,RJ,RIO DE JANEIRO,Connection OK,2013-06-26
3025225032,SRS READY,MAG129,MAGNETON 12,MR,PORTO ALEGRE,RS,SUL,Connection OK,2013-05-14
3036175491,SRS READY,SOM159,SOMATOM 11,CT,JABOTICABAL,SP,SÃO PAULO INTERIOR,Connection Expired (More than 30 days),2018-02-13
3047395428,SRS READY,SOM159,SOMATOM 11,CT,CORNELIO PROCOPIO,PR,SUL,Connection OK,2020-09-22
3025067699,SRS READY,ART111,ARTIS 1,AXA,BELO HORIZONTE,MG,CENTRO,Connection OK,2013-05-07
3032771482,CONNECTED BUT NOT SRS READY,MAG118,MAGNETOM 1,MR,SAO PAULO,SP,SÃO PAULO,Connection Expired (More than 30 days),2016-03-10
3031799270,SRS READY,MUL142,MULTIX,XP RF,JI-PARANA,RO,CENTRO,Connection OK,2015-11-17
3047223801,SRS READY,SOM164,SOMATOM 16,CT,SAO PAULO,SP,SÃO PAULO,Connection OK,2020-10-05
3035588125,SRS READY,SOM165,SOMATOM 2,CT,SOBRAL,CE,NORDESTE,Connection OK,2017-08-24
3048768788,SRS READY,SOM161,SOMATOM 13,CT,OSASCO,SP,SÃO PAULO,Connection OK,2021-02-24
3026881275,SRS READY,SYN173,SYNGO 1,SY,CAMPINAS,SP,SÃO PAULO INTERIOR,Connection Expired (More than 30 days),2014-04-02
3045778658,SRS READY,SOM163,SOMATOM 15,CT,SAO PAULO,SP,SÃO PAULO,Connection OK,2020-04-02
3028138296,SRS READY,SOM172,SOMATOM 9,CT,RIO DE JANEIRO,RJ,RIO DE JANEIRO,Connection Expired (More than 30 days),2014-11-11
3023022450,SRS READY,MAG126,MAGNETOM 9,MR,SAO PAULO,SP,SÃO PAULO,Connection OK,2012-09-28
3025224559,SRS READY,MAG129,MAGNETON 12,MR,SOROCABA,SP,SÃO PAULO INTERIOR,Connection OK,2013-05-07
3047397915,SRS READY,SOM159,SOMATOM 11,CT,OLIVEIRA,MG,CENTRO,Connection OK,2020-09-22
3025089300,SRS READY,ART111,ARTIS 1,AXA,PETROPOLIS,RJ,RIO DE JANEIRO,Connection Expired (More than 30 days),2013-07-02
3031904301,SRS READY,MUL142,MULTIX,XP RF,BRASILIA,DF,CENTRO,Connection OK,2015-12-21
3048010035,SRS READY,NUC146,NUCLEAR 12,MI SPECT,SALVADOR,BA,NORDESTE,Connection OK,2020-11-23
3020854506,NOT CONNECTED,ACU104,ACUSON 4,US,SAO PAULO,SP,SÃO PAULO,Connection Expired (More than 30 days),2012-07-04
3049419196,NOT CONNECTED,SOM161,SOMATOM 13,CT,PORTO ALEGRE,RS,SUL,Connection Expired (More than 30 days),2021-04-15
3038202297,NOT CONNECTED,ACU106,ACUSON 6,US,RIO CLARO,SP,SÃO PAULO INTERIOR,Connection Expired (More than 30 days),2018-04-20
3026892335,SRS READY,SYN173,SYNGO 1,SY,JUIZ DE FORA,MG,RIO DE JANEIRO,Connection OK,2014-02-24
3028535311,SRS READY,MAM137,MAMMOMAT 1,XP WH,CAXIAS DO SUL,RS,SUL,Connection Expired (More than 30 days),2014-10-07
3045863946,SRS READY,SOM163,SOMATOM 15,CT,SAO PAULO,SP,SÃO PAULO INTERIOR,Connection OK,2020-04-07
3028346573,SRS READY,SOM172,SOMATOM 9,CT,SAO PAULO,SP,SÃO PAULO,Connection Expired (More than 30 days),2014-11-12
3024373409,SRS READY,MAG126,MAGNETOM 9,MR,SAO BERNARDO DO CAMPO,SP,SÃO PAULO,Connection Expired (More than 30 days),2013-01-07
3041578331,SRS READY,NUC146,NUCLEAR 12,MI SPECT,BELO HORIZONTE,MG,CENTRO,Connection Expired (More than 30 days),2019-01-24
3025360212,SRS READY,MAG129,MAGNETON 12,MR,SAO PAULO,SP,SÃO PAULO,Connection OK,2013-07-24
3036517887,CONNECTED BUT NOT SRS READY,SOM159,SOMATOM 11,CT,SANTOS,SP,SÃO PAULO,Connection Expired (More than 30 days),2018-02-13
3047537277,SRS READY,SOM159,SOMATOM 11,CT,BELO HORIZONTE,MG,CENTRO,Connection OK,2020-10-17
3029795672,CONNECTED BUT NOT SRS READY,NUC152,NUCLEAR 5,MI SPECT,ITABIRA,MG,CENTRO,Connection Expired (More than 30 days),2015-05-14
3031998882,SRS READY,MUL142,MULTIX,XP RF,RIO DE JANEIRO,RJ,RIO DE JANEIRO,Connection Expired (More than 30 days),2016-01-07
3008722269,SRS READY,NUC144,NUCLEAR 10,MI SPECT,PORTO ALEGRE,RS,SUL,Connection Expired (More than 30 days),2008-06-17
3035769168,SRS READY,SOM165,SOMATOM 2,CT,ANAPOLIS,GO,CENTRO,Connection OK,2017-03-28
3027136835,SRS READY,SYN173,SYNGO 1,SY,SAO JOSE DOS CAMPOS,SP,SÃO PAULO,Connection OK,2014-03-25
3028611785,CONNECTED BUT NOT SRS READY,MAM137,MAMMOMAT 1,XP WH,RIO DE JANEIRO,RJ,RIO DE JANEIRO,Connection Expired (More than 30 days),2014-10-04
3017880472,SRS READY,MAM140,MAMMOMAT 4,XP WH,PORTO ALEGRE,RS,SUL,Connection Expired (More than 30 days),2011-11-22
3045952551,SRS READY,SOM163,SOMATOM 15,CT,SAO PAULO,SP,SÃO PAULO,Connection Expired (More than 30 days),2020-04-22
3024514951,SRS READY,MAG126,MAGNETOM 9,MR,FEIRA DE SANTANA,BA,NORDESTE,Connection OK,2013-01-23
3041640925,SRS READY,NUC146,NUCLEAR 12,MI SPECT,TRES LAGOAS,MS,SÃO PAULO INTERIOR,Connection Expired (More than 30 days),2019-01-05
3025427374,SRS READY,MAG129,MAGNETON 12,MR,CASCAVEL,PR,SUL,Connection OK,2013-06-28
3047539319,CONNECTED BUT NOT SRS READY,SOM159,SOMATOM 11,CT,SOUSA,PB,NORDESTE,Connection OK,2020-10-17
3032125983,SRS READY,MUL142,MULTIX,XP RF,SAO JOSE DO RIO PRETO,SP,SÃO PAULO INTERIOR,Connection OK,2016-01-07
3015762889,SRS READY,NUC144,NUCLEAR 10,MI SPECT,CAMPINAS,SP,SÃO PAULO INTERIOR,Connection OK,2010-12-29
3021211655,NOT CONNECTED,ACU104,ACUSON 4,US,SANTOS,SP,SÃO PAULO,Connection Expired (More than 30 days),2012-04-24
3027158548,SRS READY,SYN173,SYNGO 1,SY,MOGI DAS CRUZES,SP,SÃO PAULO,Connection Expired (More than 30 days),2014-03-25
3028729391,SRS READY,MAM137,MAMMOMAT 1,XP WH,SANTAREM,PA,CENTRO,Connection Expired (More than 30 days),2014-09-30
3014173719,NOT CONNECTED,ACU104,ACUSON 4,US,SAO CARLOS,SP,SÃO PAULO INTERIOR,Connection Expired (More than 30 days),2010-08-25
3045967973,SRS READY,SOM163,SOMATOM 15,CT,SAO PAULO,SP,SÃO PAULO,Connection Expired (More than 30 days),2020-04-22
3024840304,CONNECTED BUT NOT SRS READY,MAG126,MAGNETOM 9,MR,BELEM,PA,CENTRO,Connection Expired (More than 30 days),2013-03-14
3042247107,SRS READY,NUC146,NUCLEAR 12,MI SPECT,BELO HORIZONTE,MG,CENTRO,Connection Expired (More than 30 days),2019-04-12
3026551091,CONNECTED BUT NOT SRS READY,MAG129,MAGNETON 12,MR,BRASILIA,DF,CENTRO,Connection OK,2013-11-08
3038820749,SRS READY,SOM159,SOMATOM 11,CT,TAUBATE,SP,SÃO PAULO,Connection Expired (More than 30 days),2018-03-14
3047539197,SRS READY,SOM159,SOMATOM 11,CT,VILA VELHA,ES,RIO DE JANEIRO,Connection OK,2020-12-21
3025588025,SRS READY,ART111,ARTIS 1,AXA,SALVADOR,BA,NORDESTE,Connection OK,2013-06-28
3040103797,NOT CONNECTED,ACU105,ACUSON 5,US,TAUBATE,SP,SÃO PAULO,Connection Expired (More than 30 days),2018-11-26
3030747225,SRS READY,NUC144,NUCLEAR 10,MI SPECT,SOROCABA,SP,SÃO PAULO INTERIOR,Connection OK,2015-09-14
3027429307,SRS READY,SYN173,SYNGO 1,SY,JAU,SP,SÃO PAULO INTERIOR,Connection OK,2014-09-01
3028741329,SRS READY,MAM137,MAMMOMAT 1,XP WH,SAO PAULO,SP,SÃO PAULO,Connection Expired (More than 30 days),2014-09-30
3012432514,CONNECTED BUT NOT SRS READY,ACU104,ACUSON 4,US,SAO PAULO,SP,SÃO PAULO,Connection Expired (More than 30 days),2010-03-18
3033634327,NOT CONNECTED,ACU107,ACUSON 7,US,CURITIBA,PR,SUL,Connection Expired (More than 30 days),2016-09-02
3045954655,SRS READY,SOM163,SOMATOM 15,CT,BELEM,PA,CENTRO,Connection OK,2020-04-22
3024849103,SRS READY,MAG126,MAGNETOM 9,MR,SANTOS,SP,SÃO PAULO,Connection OK,2013-03-27
3027032780,SRS READY,MAG129,MAGNETON 12,MR,ITUVERAVA,SP,SÃO PAULO INTERIOR,Connection Expired (More than 30 days),2014-01-31
3047538998,NOT CONNECTED,SOM159,SOMATOM 11,CT,SURUBIM,PE,NORDESTE,Connection Expired (More than 30 days),2020-10-17
3025678576,SRS READY,ART111,ARTIS 1,AXA,LIMEIRA,SP,SÃO PAULO INTERIOR,Connection OK,2013-07-29
3021840553,NOT CONNECTED,ACU104,ACUSON 4,US,SAO PAULO,SP,SÃO PAULO,Connection Expired (More than 30 days),2018-11-29
3028973400,CONNECTED BUT NOT SRS READY,MAM137,MAMMOMAT 1,XP WH,BENTO GONCALVES,RS,SUL,Connection Expired (More than 30 days),2015-01-13
3034345601,SRS READY,ACU107,ACUSON 7,US,ITAJUBA,MG,SÃO PAULO INTERIOR,Connection Expired (More than 30 days),2016-11-16
3045954491,SRS READY,SOM163,SOMATOM 15,CT,SAO PAULO,SP,SÃO PAULO INTERIOR,Connection OK,2020-04-23
3045625195,SRS READY,MAM139,MAMMOMAT 3,XP WH,UBERABA,MG,SÃO PAULO INTERIOR,Connection Expired (More than 30 days),2020-03-30
3042449647,SRS READY,NUC146,NUCLEAR 12,MI SPECT,MACEIO,AL,NORDESTE,Connection Expired (More than 30 days),2019-04-02
3027724179,SRS READY,MAG129,MAGNETON 12,MR,SAO PAULO,SP,SÃO PAULO,Connection OK,2014-04-02
3047556261,SRS READY,SOM159,SOMATOM 11,CT,SAO JOSE DO VALE DO RIO PRETO,RJ,RIO DE JANEIRO,Connection OK,2020-10-17
3025692847,SRS READY,ART111,ARTIS 1,AXA,BRASILIA,DF,CENTRO,Connection Expired (More than 30 days),2013-08-05
3035882337,SRS READY,SOM165,SOMATOM 2,CT,MORRINHOS,GO,CENTRO,Connection OK,2017-09-21
3021853184,NOT CONNECTED,ACU104,ACUSON 4,US,BRASILIA,DF,CENTRO,Connection Expired (More than 30 days),2012-08-04
3038212936,NOT CONNECTED,ACU106,ACUSON 6,US,RIO CLARO,SP,SÃO PAULO INTERIOR,Connection Expired (More than 30 days),2018-04-20
3027962057,CONNECTED BUT NOT SRS READY,SYN173,SYNGO 1,SY,RIO DE JANEIRO,RJ,RIO DE JANEIRO,Connection Expired (More than 30 days),2014-08-07
3012430870,NOT CONNECTED,ACU104,ACUSON 4,US,SAO PAULO,SP,SÃO PAULO,Connection Expired (More than 30 days),2010-05-15
3045954447,SRS READY,SOM163,SOMATOM 15,CT,SAO PAULO,SP,SÃO PAULO,Connection OK,2020-04-23
3045639266,NOT CONNECTED,MAM139,MAMMOMAT 3,XP WH,BETIM,MG,CENTRO,Connection Expired (More than 30 days),2020-03-27
3025669422,SRS READY,MAG126,MAGNETOM 9,MR,PORTO ALEGRE,RS,SUL,Connection OK,2013-08-13
3027793916,SRS READY,MAG129,MAGNETON 12,MR,RIO DE JANEIRO,RJ,RIO DE JANEIRO,Connection OK,2014-05-19
3047659495,SRS READY,SOM159,SOMATOM 11,CT,TOME-ACU,PA,CENTRO,Connection OK,2020-11-04
3025691614,SRS READY,ART111,ARTIS 1,AXA,MACEIO,AL,NORDESTE,Connection OK,2013-08-05
3021865225,NOT CONNECTED,ACU104,ACUSON 4,US,RIO DE JANEIRO,RJ,RIO DE JANEIRO,Connection Expired (More than 30 days),2013-01-14
3028488196,CONNECTED BUT NOT SRS READY,SYN173,SYNGO 1,SY,SAO JOSE DO RIO PRETO,SP,SÃO PAULO INTERIOR,Connection Expired (More than 30 days),2015-02-26
3029272380,SRS READY,MAM137,MAMMOMAT 1,XP WH,FORTALEZA,CE,NORDESTE,Connection Expired (More than 30 days),2017-05-22
3036757698,NOT CONNECTED,ACU107,ACUSON 7,US,CURITIBA,PR,SUL,Connection Expired (More than 30 days),2017-12-22
3023682574,SRS READY,MAM140,MAMMOMAT 4,XP WH,PORTO ALEGRE,RS,SUL,Connection Expired (More than 30 days),2014-01-07
3046011903,SRS READY,SOM163,SOMATOM 15,CT,CUIABA,MT,CENTRO,Connection OK,2020-04-22
3045649792,SRS READY,MAM139,MAMMOMAT 3,XP WH,RIO DE JANEIRO,RJ,RIO DE JANEIRO,Connection Expired (More than 30 days),2020-03-30
3043140150,SRS READY,NUC146,NUCLEAR 12,MI SPECT,BARRETOS,SP,SÃO PAULO INTERIOR,Connection Expired (More than 30 days),2019-07-29
3028119074,SRS READY,MAG129,MAGNETON 12,MR,SAO PAULO,SP,SÃO PAULO,Connection OK,2014-06-18
3047921055,SRS READY,SOM159,SOMATOM 11,CT,ITABERABA,BA,NORDESTE,Connection OK,2020-11-23
3025728549,SRS READY,ART111,ARTIS 1,AXA,RIO DE JANEIRO,RJ,RIO DE JANEIRO,Connection Expired (More than 30 days),2013-10-06
3033265700,SRS READY,MUL142,MULTIX,XP RF,MANAUS,AM,CENTRO,Connection Expired (More than 30 days),2016-06-10
3035890344,SRS READY,SOM165,SOMATOM 2,CT,GOIANIA,GO,CENTRO,Connection Expired (More than 30 days),2017-08-09
3036530493,SRS READY,ACU101,ACUSON 1,US,PETROPOLIS,RJ,RIO DE JANEIRO,Connection Expired (More than 30 days),2017-09-20
3028614529,SRS READY,SYN173,SYNGO 1,SY,ARARAQUARA,SP,SÃO PAULO INTERIOR,Connection OK,2014-12-15
3029302101,SRS READY,MAM137,MAMMOMAT 1,XP WH,VITORIA,ES,RIO DE JANEIRO,Connection Expired (More than 30 days),2015-02-05
3035966027,NOT CONNECTED,ACU107,ACUSON 7,US,CURITIBA,PR,SUL,Connection Expired (More than 30 days),2017-04-21
3046026002,SRS READY,SOM163,SOMATOM 15,CT,PATOS DE MINAS,MG,CENTRO,Connection OK,2020-04-23
3047410359,SRS READY,MAM139,MAMMOMAT 3,XP WH,SANTA ROSA,RS,SUL,Connection Expired (More than 30 days),2020-10-15
3029357671,SRS READY,SOM172,SOMATOM 9,CT,CONSELHEIRO LAFAIETE,MG,CENTRO,Connection Expired (More than 30 days),2015-03-09
3025908358,SRS READY,MAG126,MAGNETOM 9,MR,MACAE,RJ,RIO DE JANEIRO,Connection OK,2013-08-28
3028319284,SRS READY,MAG129,MAGNETON 12,MR,RIBEIRAO PRETO,SP,SÃO PAULO INTERIOR,Connection Expired (More than 30 days),2014-11-28
3039434020,SRS READY,SOM159,SOMATOM 11,CT,CAICO,RN,NORDESTE,Connection OK,2018-05-30
3047958154,SRS READY,SOM159,SOMATOM 11,CT,ITAITUBA,PA,CENTRO,Connection OK,2020-11-23
3025729388,SRS READY,ART111,ARTIS 1,AXA,PORTO ALEGRE,RS,SUL,Connection Expired (More than 30 days),2013-10-06
3033348754,SRS READY,MUL142,MULTIX,XP RF,SAO LUIS,MA,NORDESTE,Connection Expired (More than 30 days),2016-06-10
3035890346,SRS READY,SOM165,SOMATOM 2,CT,RECIFE,PE,NORDESTE,Connection Expired (More than 30 days),2017-07-19
3030009810,SRS READY,SYN173,SYNGO 1,SY,BRASILIA,DF,CENTRO,Connection OK,2015-09-22
3029769088,SRS READY,MAM137,MAMMOMAT 1,XP WH,BRASILIA,DF,CENTRO,Connection Expired (More than 30 days),2015-03-16
3046103709,SRS READY,SOM163,SOMATOM 15,CT,SAO PAULO,SP,SÃO PAULO,Connection Expired (More than 30 days),2020-05-08
3047699528,NOT CONNECTED,MAM139,MAMMOMAT 3,XP WH,JUAZEIRO DO NORTE,CE,NORDESTE,Connection Expired (More than 30 days),2020-10-26
3029449880,SRS READY,SOM172,SOMATOM 9,CT,COXIM,MS,SÃO PAULO INTERIOR,Connection OK,2016-03-31
3044718483,SRS READY,MAG131,MAGNETON 14,MR,PATOS DE MINAS,MG,CENTRO,Connection OK,2019-12-03
3028358368,SRS READY,MAG129,MAGNETON 12,MR,SAO JOSE DO RIO PRETO,SP,SÃO PAULO INTERIOR,Connection OK,2014-07-01
3047963929,NOT CONNECTED,SOM159,SOMATOM 11,CT,CHAPECO,SC,SUL,Connection Expired (More than 30 days),2020-11-23
3025747149,SRS READY,ART111,ARTIS 1,AXA,SAO JOSE DOS CAMPOS,SP,SÃO PAULO,Connection Expired (More than 30 days),2013-08-20
3030374034,SRS READY,SYN173,SYNGO 1,SY,TERESINA,PI,NORDESTE,Connection OK,2015-09-10
3029769369,SRS READY,MAM137,MAMMOMAT 1,XP WH,BELO HORIZONTE,MG,CENTRO,Connection Expired (More than 30 days),2015-03-16
3014108375,NOT CONNECTED,ACU104,ACUSON 4,US,RIO DE JANEIRO,RJ,RIO DE JANEIRO,Connection Expired (More than 30 days),2010-09-10
3024431922,SRS READY,MAM140,MAMMOMAT 4,XP WH,RIO DE JANEIRO,RJ,RIO DE JANEIRO,Connection Expired (More than 30 days),2013-02-27
3046330420,NOT CONNECTED,SOM163,SOMATOM 15,CT,MANAUS,AM,CENTRO,Connection Expired (More than 30 days),2020-05-26
3047894313,CONNECTED BUT NOT SRS READY,MAM139,MAMMOMAT 3,XP WH,RIO DE JANEIRO,RJ,RIO DE JANEIRO,Connection Expired (More than 30 days),2020-12-28
3026961345,SRS READY,MAG126,MAGNETOM 9,MR,VITORIA DA CONQUISTA,BA,NORDESTE,Connection OK,2014-02-24
3044724046,SRS READY,MAG131,MAGNETON 14,MR,LEOPOLDINA,MG,RIO DE JANEIRO,Connection OK,2019-12-03
3028418305,SRS READY,MAG129,MAGNETON 12,MR,SÃO PAULO,SP,SÃO PAULO,Connection OK,2014-07-10
3047983909,NOT CONNECTED,SOM159,SOMATOM 11,CT,MANAUS,AM,CENTRO,Connection Expired (More than 30 days),2020-12-29
3029773096,SRS READY,MAM137,MAMMOMAT 1,XP WH,BELEM,PA,CENTRO,Connection Expired (More than 30 days),2015-03-16
3014125338,CONNECTED BUT NOT SRS READY,ACU104,ACUSON 4,US,RIO DE JANEIRO,RJ,RIO DE JANEIRO,Connection Expired (More than 30 days),2010-09-10
3036497782,NOT CONNECTED,ACU107,ACUSON 7,US,CURITIBA,PR,SUL,Connection Expired (More than 30 days),2017-09-20
3046865371,NOT CONNECTED,SOM163,SOMATOM 15,CT,ITAJAI,SC,SUL,Connection Expired (More than 30 days),2020-08-06
3047910395,CONNECTED BUT NOT SRS READY,MAM139,MAMMOMAT 3,XP WH,SAO PAULO,SP,SÃO PAULO,Connection Expired (More than 30 days),2020-11-17
3029544284,SRS READY,SOM172,SOMATOM 9,CT,SANTOS,SP,SÃO PAULO,Connection OK,2015-04-16
3027581287,SRS READY,MAG126,MAGNETOM 9,MR,BELO HORIZONTE,MG,CENTRO,Connection OK,2014-05-12
3028845458,SRS READY,MAG129,MAGNETON 12,MR,SALVADOR,BA,NORDESTE,Connection OK,2014-09-29
3047984341,NOT CONNECTED,SOM159,SOMATOM 11,CT,MOSSORO,RN,NORDESTE,Connection Expired (More than 30 days),2020-12-29
3025914651,SRS READY,ART111,ARTIS 1,AXA,BAURU,SP,SÃO PAULO INTERIOR,Connection OK,2014-07-02
3033724803,CONNECTED BUT NOT SRS READY,MUL142,MULTIX,XP RF,BRASILIA,DF,CENTRO,Connection Expired (More than 30 days),2016-08-18
3036025387,SRS READY,SOM165,SOMATOM 2,CT,RIO DE JANEIRO,RJ,RIO DE JANEIRO,Connection Expired (More than 30 days),2017-08-08
3030577823,SRS READY,SYN173,SYNGO 1,SY,SOROCABA,SP,SÃO PAULO INTERIOR,Connection OK,2015-09-21
3029780876,SRS READY,MAM137,MAMMOMAT 1,XP WH,NOVA IGUACU,RJ,RIO DE JANEIRO,Connection Expired (More than 30 days),2015-03-16
3025002563,SRS READY,MAM140,MAMMOMAT 4,XP WH,SAO PAULO,SP,SÃO PAULO,Connection Expired (More than 30 days),2013-08-14
3045942643,NOT CONNECTED,MOB141,MOBILLET,XP SU,MACAPA,AP,CENTRO,Connection Expired (More than 30 days),2020-06-05
3048179016,NOT CONNECTED,MAM139,MAMMOMAT 3,XP WH,DIVINOPOLIS,MG,CENTRO,Connection Expired (More than 30 days),2020-12-29
3027903647,SRS READY,MAG126,MAGNETOM 9,MR,NATAL,RN,NORDESTE,Connection OK,2014-04-28
3046077973,NOT CONNECTED,NUC146,NUCLEAR 12,MI SPECT,SANTA ROSA,RS,SUL,Connection Expired (More than 30 days),2020-04-22
3029247399,SRS READY,MAG129,MAGNETON 12,MR,SAO PAULO,SP,SÃO PAULO,Connection OK,2014-11-11
3048028444,NOT CONNECTED,SOM159,SOMATOM 11,CT,JOINVILLE,SC,SUL,Connection Expired (More than 30 days),2021-02-18
3026461569,SRS READY,ART111,ARTIS 1,AXA,RIO DE JANEIRO,RJ,RIO DE JANEIRO,Connection OK,2013-12-30
3040212183,NOT CONNECTED,ACU105,ACUSON 5,US,TAUBATE,SP,SÃO PAULO,Connection Expired (More than 30 days),2018-12-13
3034106140,SRS READY,MUL142,MULTIX,XP RF,RIO DE JANEIRO,RJ,RIO DE JANEIRO,Connection Expired (More than 30 days),2016-09-27
3036037689,SRS READY,SOM165,SOMATOM 2,CT,ARARAS,SP,SÃO PAULO INTERIOR,Connection Expired (More than 30 days),2017-09-20
3021855359,NOT CONNECTED,ACU104,ACUSON 4,US,BOTUCATU,SP,SÃO PAULO INTERIOR,Connection Expired (More than 30 days),2012-10-29
3030742759,SRS READY,SYN173,SYNGO 1,SY,DIVINOPOLIS,MG,CENTRO,Connection OK,2015-11-19
3029784040,SRS READY,MAM137,MAMMOMAT 1,XP WH,MACAPA,AP,CENTRO,Connection Expired (More than 30 days),2015-03-16
3046871198,SRS READY,MOB141,MOBILLET,XP SU,PATROCINIO,MG,SÃO PAULO INTERIOR,Connection Expired (More than 30 days),2020-07-31
3048190693,NOT CONNECTED,MAM139,MAMMOMAT 3,XP WH,PORTO ALEGRE,RS,SUL,Connection Expired (More than 30 days),2020-12-29
3029605606,CONNECTED BUT NOT SRS READY,SOM172,SOMATOM 9,CT,CAMPO GRANDE,MS,SÃO PAULO INTERIOR,Connection Expired (More than 30 days),2015-11-19
3028574737,SRS READY,MAG126,MAGNETOM 9,MR,SAO PAULO,SP,SÃO PAULO,Connection OK,2014-09-28
3029688486,SRS READY,MAG129,MAGNETON 12,MR,SAO PAULO,SP,SÃO PAULO,Connection OK,2015-01-14
3048048044,SRS READY,SOM159,SOMATOM 11,CT,CAMPOS DO JORDAO,SP,SÃO PAULO,Connection OK,2021-02-18
3026639234,SRS READY,ART111,ARTIS 1,AXA,FORTALEZA,CE,NORDESTE,Connection Expired (More than 30 days),2014-01-02
3030852994,SRS READY,SYN173,SYNGO 1,SY,SAO PAULO,SP,SÃO PAULO,Connection Expired (More than 30 days),2015-09-04
3029775489,SRS READY,MAM137,MAMMOMAT 1,XP WH,JOAO PESSOA,PB,NORDESTE,Connection Expired (More than 30 days),2015-03-16
3046879541,NOT CONNECTED,MOB141,MOBILLET,XP SU,SAO PAULO,SP,SÃO PAULO,Connection Expired (More than 30 days),2020-07-31
3048216599,SRS READY,MAM139,MAMMOMAT 3,XP WH,MARINGA,PR,SUL,Connection Expired (More than 30 days),2020-12-29
3029605608,SRS READY,SOM172,SOMATOM 9,CT,CAMPO GRANDE,MS,SÃO PAULO INTERIOR,Connection Expired (More than 30 days),2015-11-19
3030186209,SRS READY,MAG129,MAGNETON 12,MR,SAO PAULO,SP,SÃO PAULO,Connection OK,2015-05-13
3048285153,SRS READY,SOM159,SOMATOM 11,CT,CABO FRIO,RJ,RIO DE JANEIRO,Connection OK,2020-12-29
3029782114,SRS READY,MAM137,MAMMOMAT 1,XP WH,RIO DE JANEIRO,RJ,RIO DE JANEIRO,Connection Expired (More than 30 days),2015-03-16
3026594849,NOT CONNECTED,MAM140,MAMMOMAT 4,XP WH,BRASILIA,DF,CENTRO,Connection Expired (More than 30 days),2013-11-18
3046890692,NOT CONNECTED,MOB141,MOBILLET,XP SU,SAO PAULO,SP,SÃO PAULO,Connection Expired (More than 30 days),2020-07-31
3048684639,NOT CONNECTED,MAM139,MAMMOMAT 3,XP WH,BELEM,PA,CENTRO,Connection Expired (More than 30 days),2021-02-03
3029969166,SRS READY,SOM172,SOMATOM 9,CT,AQUIDAUANA,MS,SÃO PAULO INTERIOR,Connection OK,2015-12-16
3030405082,SRS READY,MAG129,MAGNETON 12,MR,BRASILIA,DF,CENTRO,Connection OK,2015-05-29
3048285169,NOT CONNECTED,SOM159,SOMATOM 11,CT,SAO JOSE DOS CAMPOS,SP,SÃO PAULO,Connection Expired (More than 30 days),2020-12-29
3026802401,SRS READY,ART111,ARTIS 1,AXA,LAJEADO,RS,SUL,Connection OK,2014-01-03
3036186955,CONNECTED BUT NOT SRS READY,SOM165,SOMATOM 2,CT,GUARULHOS,SP,SÃO PAULO,Connection OK,2017-09-04
3030899936,SRS READY,SYN173,SYNGO 1,SY,CURITIBA,PR,SUL,Connection OK,2015-09-01
3029782116,SRS READY,MAM137,MAMMOMAT 1,XP WH,PARNAIBA,PI,NORDESTE,Connection Expired (More than 30 days),2015-03-16
3046923577,NOT CONNECTED,MOB141,MOBILLET,XP SU,SAO PAULO,SP,SÃO PAULO,Connection Expired (More than 30 days),2020-08-04
3048689446,CONNECTED BUT NOT SRS READY,MAM139,MAMMOMAT 3,XP WH,JOINVILLE,SC,SUL,Connection Expired (More than 30 days),2021-02-03
3029969163,SRS READY,SOM172,SOMATOM 9,CT,CORUMBA,MS,SÃO PAULO INTERIOR,Connection Expired (More than 30 days),2015-12-16
3031043571,SRS READY,MAG129,MAGNETON 12,MR,SAO JOSE DE RIBAMAR,MA,NORDESTE,Connection OK,2015-10-20
3039915249,SRS READY,SOM159,SOMATOM 11,CT,TAUBATE,SP,SÃO PAULO,Connection OK,2018-07-25
3048467701,NOT CONNECTED,SOM159,SOMATOM 11,CT,JOINVILLE,SC,SUL,Connection Expired (More than 30 days),2021-01-12
3026867123,SRS READY,ART111,ARTIS 1,AXA,RECIFE,PE,NORDESTE,Connection Expired (More than 30 days),2014-03-25
3029782117,NOT CONNECTED,MAM137,MAMMOMAT 1,XP WH,PALMAS,TO,CENTRO,Connection Expired (More than 30 days),2015-03-16
3046929452,NOT CONNECTED,MOB141,MOBILLET,XP SU,SAO PAULO,SP,SÃO PAULO,Connection Expired (More than 30 days),2020-08-04
3029969165,SRS READY,SOM172,SOMATOM 9,CT,FEIRA DE SANTANA,BA,NORDESTE,Connection Expired (More than 30 days),2015-12-23
3031344547,SRS READY,MAG129,MAGNETON 12,MR,BRASILIA,DF,CENTRO,Connection OK,2015-10-29
3048467700,NOT CONNECTED,SOM159,SOMATOM 11,CT,TUCUMA,PA,CENTRO,Connection Expired (More than 30 days),2021-01-12
3026878649,SRS READY,ART111,ARTIS 1,AXA,RIO DE JANEIRO,RJ,RIO DE JANEIRO,Connection Expired (More than 30 days),2014-03-18
3047558264,NOT CONNECTED,MOB141,MOBILLET,XP SU,SAO PAULO,SP,SÃO PAULO,Connection Expired (More than 30 days),2020-10-12
3046238296,NOT CONNECTED,MAG131,MAGNETON 14,MR,CARUARU,PE,NORDESTE,Connection Expired (More than 30 days),2020-05-07
3031828659,SRS READY,MAG129,MAGNETON 12,MR,BAURU,SP,SÃO PAULO INTERIOR,Connection OK,2015-11-10
3048480409,SRS READY,SOM159,SOMATOM 11,CT,JUAZEIRO DO NORTE,CE,NORDESTE,Connection OK,2021-01-12
3027089425,SRS READY,ART111,ARTIS 1,AXA,SAO PAULO,SP,SÃO PAULO,Connection Expired (More than 30 days),2014-05-07
3036529441,SRS READY,SOM165,SOMATOM 2,CT,CALDAS NOVAS,GO,CENTRO,Connection OK,2017-09-03
3031501533,SRS READY,SYN173,SYNGO 1,SY,RIO DE JANEIRO,RJ,RIO DE JANEIRO,Connection Expired (More than 30 days),2015-12-22
3030100948,SRS READY,MAM137,MAMMOMAT 1,XP WH,MANAUS,AM,CENTRO,Connection Expired (More than 30 days),2016-10-28
3047558322,NOT CONNECTED,MOB141,MOBILLET,XP SU,SAO PAULO,SP,SÃO PAULO,Connection Expired (More than 30 days),2020-10-31
3046238455,SRS READY,MAG131,MAGNETON 14,MR,PASSO FUNDO,RS,SUL,Connection OK,2020-05-07
3033256743,CONNECTED BUT NOT SRS READY,MAG129,MAGNETON 12,MR,PORTO ALEGRE,RS,SUL,Connection OK,2016-06-01
3027503199,SRS READY,ART111,ARTIS 1,AXA,PORTO ALEGRE,RS,SUL,Connection Expired (More than 30 days),2014-04-01
3037956020,SRS READY,MAG133,MAGNETON 16,MR,BRASILIA,DF,CENTRO,Connection OK,2017-12-04
3036537079,SRS READY,SOM165,SOMATOM 2,CT,GOIANIA,GO,CENTRO,Connection OK,2017-09-27
3021866677,NOT CONNECTED,ACU104,ACUSON 4,US,SAO PAULO,SP,SÃO PAULO,Connection Expired (More than 30 days),2012-08-08
3031501787,SRS READY,SYN173,SYNGO 1,SY,MANAUS,AM,CENTRO,Connection OK,2015-12-10
3030166910,SRS READY,MAM137,MAMMOMAT 1,XP WH,SAO PAULO,SP,SÃO PAULO,Connection Expired (More than 30 days),2015-10-26
3015826758,NOT CONNECTED,ACU104,ACUSON 4,US,SAO PAULO,SP,SÃO PAULO,Connection Expired (More than 30 days),2010-12-30
3029313488,SRS READY,MAM140,MAMMOMAT 4,XP WH,VITORIA,ES,RIO DE JANEIRO,Connection Expired (More than 30 days),2015-05-14
3048032014,CONNECTED BUT NOT SRS READY,MOB141,MOBILLET,XP SU,MACAPA,AP,CENTRO,Connection Expired (More than 30 days),2020-12-31
3046739285,SRS READY,MAG131,MAGNETON 14,MR,MOGI MIRIM,SP,SÃO PAULO,Connection OK,2020-07-13
3028151244,SRS READY,MAG129,MAGNETON 12,MR,JOAO PESSOA,PB,NORDESTE,Connection OK,2014-09-11
3027841310,SRS READY,ART111,ARTIS 1,AXA,DUQUE DE CAXIAS,RJ,RIO DE JANEIRO,Connection Expired (More than 30 days),2014-06-24
3039894872,SRS READY,MAG133,MAGNETON 16,MR,SAO PAULO,SP,SÃO PAULO,Connection OK,2019-04-04
3036530348,SRS READY,SOM165,SOMATOM 2,CT,LAGOA DA PRATA,MG,CENTRO,Connection Expired (More than 30 days),2017-09-21
3022194562,CONNECTED BUT NOT SRS READY,ACU104,ACUSON 4,US,ASSIS,SP,SÃO PAULO INTERIOR,Connection Expired (More than 30 days),2013-06-12
3030230412,SRS READY,MAM137,MAMMOMAT 1,XP WH,CUIABA,MT,CENTRO,Connection Expired (More than 30 days),2015-06-03
3015816544,CONNECTED BUT NOT SRS READY,ACU104,ACUSON 4,US,RIO DE JANEIRO,RJ,RIO DE JANEIRO,Connection Expired (More than 30 days),2011-02-10
3036698403,CONNECTED BUT NOT SRS READY,ACU107,ACUSON 7,US,BRASILIA,DF,CENTRO,Connection Expired (More than 30 days),2017-11-28
3048353032,NOT CONNECTED,MOB141,MOBILLET,XP SU,RIO DE JANEIRO,RJ,RIO DE JANEIRO,Connection Expired (More than 30 days),2020-12-29
3046739040,SRS READY,MAG131,MAGNETON 14,MR,SAO PAULO,SP,SÃO PAULO,Connection OK,2020-07-03
3029273808,SRS READY,MAG129,MAGNETON 12,MR,SAO LUIS,MA,NORDESTE,Connection OK,2015-05-05
3040869908,SRS READY,MAG133,MAGNETON 16,MR,BAURU,SP,SÃO PAULO INTERIOR,Connection OK,2018-11-12
3031544312,SRS READY,ACU106,ACUSON 6,US,GOIANIA,GO,CENTRO,Connection Expired (More than 30 days),2015-09-30
3031681362,SRS READY,SYN173,SYNGO 1,SY,PETROPOLIS,RJ,RIO DE JANEIRO,Connection Expired (More than 30 days),2015-12-28
3030261408,SRS READY,MAM137,MAMMOMAT 1,XP WH,JACOBINA,BA,NORDESTE,Connection Expired (More than 30 days),2015-06-03
3038907466,NOT CONNECTED,CIO116,CIOS,AXA SU,FORTALEZA,CE,NORDESTE,Connection Expired (More than 30 days),2018-03-15
3015814396,CONNECTED BUT NOT SRS READY,ACU104,ACUSON 4,US,RIO DE JANEIRO,RJ,RIO DE JANEIRO,Connection Expired (More than 30 days),2011-02-10
3048357283,NOT CONNECTED,MOB141,MOBILLET,XP SU,RIO DE JANEIRO,RJ,RIO DE JANEIRO,Connection Expired (More than 30 days),2020-12-29
3046895743,SRS READY,MAG131,MAGNETON 14,MR,AMERICANA,SP,SÃO PAULO INTERIOR,Connection OK,2020-07-27
3029312350,SRS READY,MAG129,MAGNETON 12,MR,CURITIBA,PR,SUL,Connection OK,2014-12-18
3027871297,CONNECTED BUT NOT SRS READY,ART111,ARTIS 1,AXA,CURITIBA,PR,SUL,Connection Expired (More than 30 days),2014-07-28
3036658975,SRS READY,SOM165,SOMATOM 2,CT,NOVO HORIZONTE,SP,SÃO PAULO INTERIOR,Connection OK,2017-09-03
3022194694,CONNECTED BUT NOT SRS READY,ACU104,ACUSON 4,US,ASSIS,SP,SÃO PAULO INTERIOR,Connection Expired (More than 30 days),2013-04-25
3031722220,SRS READY,SYN173,SYNGO 1,SY,RIO DE JANEIRO,RJ,RIO DE JANEIRO,Connection Expired (More than 30 days),2015-12-21
3030259531,SRS READY,MAM137,MAMMOMAT 1,XP WH,MANAUS,AM,CENTRO,Connection Expired (More than 30 days),2015-08-21
3048745927,NOT CONNECTED,MOB141,MOBILLET,XP SU,RIO DE JANEIRO,RJ,RIO DE JANEIRO,Connection Expired (More than 30 days),2021-02-03
3047269241,SRS READY,MAG131,MAGNETON 14,MR,PIUMHI,MG,CENTRO,Connection OK,2020-09-14
3028208034,SRS READY,ART111,ARTIS 1,AXA,RECIFE,PE,NORDESTE,Connection OK,2015-01-06
3047264759,CONNECTED BUT NOT SRS READY,MAG133,MAGNETON 16,MR,PORTO ALEGRE,RS,SUL,Connection OK,2020-09-03
3036698651,NOT CONNECTED,ACU107,ACUSON 7,US,DIVINOPOLIS,MG,CENTRO,Connection Expired (More than 30 days),2017-09-27
3048748977,NOT CONNECTED,MOB141,MOBILLET,XP SU,RIO DE JANEIRO,RJ,RIO DE JANEIRO,Connection Expired (More than 30 days),2021-02-03
3001163771,CONNECTED BUT NOT SRS READY,MAG134,MAGNETON 17,MR,VILA VELHA,ES,RIO DE JANEIRO,Connection Expired (More than 30 days),2002-06-03
3047281871,SRS READY,MAG131,MAGNETON 14,MR,PASSO FUNDO,RS,SUL,Connection OK,2020-09-14
3029338725,SRS READY,MAG129,MAGNETON 12,MR,GRAVATAI,RS,SUL,Connection OK,2015-02-25
3028312698,CONNECTED BUT NOT SRS READY,ART111,ARTIS 1,AXA,GOIANIA,GO,CENTRO,Connection Expired (More than 30 days),2014-10-08
3036659011,SRS READY,SOM165,SOMATOM 2,CT,TATUI,SP,SÃO PAULO INTERIOR,Connection Expired (More than 30 days),2017-09-27
3031843376,SRS READY,SYN173,SYNGO 1,SY,PRESIDENTE PRUDENTE,SP,SÃO PAULO INTERIOR,Connection Expired (More than 30 days),2015-12-15
3030408005,SRS READY,MAM137,MAMMOMAT 1,XP WH,BRASILIA,DF,CENTRO,Connection Expired (More than 30 days),2015-08-26
3016028918,NOT CONNECTED,ACU104,ACUSON 4,US,ANICUNS,GO,CENTRO,Connection Expired (More than 30 days),2011-08-23
3036698697,SRS READY,ACU107,ACUSON 7,US,BRASILIA,DF,CENTRO,Connection Expired (More than 30 days),2017-11-28
3048749220,CONNECTED BUT NOT SRS READY,MOB141,MOBILLET,XP SU,RIO DE JANEIRO,RJ,RIO DE JANEIRO,Connection Expired (More than 30 days),2021-02-03
3047432668,NOT CONNECTED,MAG131,MAGNETON 14,MR,PATROCINIO,MG,SÃO PAULO INTERIOR,Connection Expired (More than 30 days),2020-10-12
3029559338,SRS READY,MAG129,MAGNETON 12,MR,CAMPINAS,SP,SÃO PAULO INTERIOR,Connection On Risk (No Data from Last 30 days),2015-04-02
3040158939,CONNECTED BUT NOT SRS READY,SOM159,SOMATOM 11,CT,MANAUS,AM,CENTRO,Connection Expired (More than 30 days),2018-08-09
3028466958,SRS READY,ART111,ARTIS 1,AXA,JOAO PESSOA,PB,NORDESTE,Connection OK,2014-10-04
3031845565,SRS READY,SYN173,SYNGO 1,SY,SALVADOR,BA,NORDESTE,Connection OK,2015-11-10
3030737050,SRS READY,MAM137,MAMMOMAT 1,XP WH,CAMPINAS,SP,SÃO PAULO INTERIOR,Connection Expired (More than 30 days),2015-08-11
3037569493,NOT CONNECTED,ACU107,ACUSON 7,US,BLUMENAU,SC,SUL,Connection Expired (More than 30 days),2017-11-26
3048916170,NOT CONNECTED,MOB141,MOBILLET,XP SU,RIO DE JANEIRO,RJ,RIO DE JANEIRO,Connection Expired (More than 30 days),2021-02-24
3047447278,NOT CONNECTED,MAG131,MAGNETON 14,MR,NITEROI,RJ,RIO DE JANEIRO,Connection Expired (More than 30 days),2020-10-12
3029507515,SRS READY,MAG129,MAGNETON 12,MR,SAO PAULO,SP,SÃO PAULO,Connection OK,2015-05-22
3040158958,SRS READY,SOM159,SOMATOM 11,CT,BARBALHA,CE,NORDESTE,Connection OK,2018-08-09
3028557008,SRS READY,ART111,ARTIS 1,AXA,NATAL,RN,NORDESTE,Connection Expired (More than 30 days),2014-09-24
3039489686,NOT CONNECTED,ACU101,ACUSON 1,US,SAO PAULO,SP,SÃO PAULO,Connection Expired (More than 30 days),2018-05-21
3031928437,CONNECTED BUT NOT SRS READY,SYN173,SYNGO 1,SY,RECIFE,PE,NORDESTE,Connection Expired (More than 30 days),2015-12-14
3030794219,SRS READY,MAM137,MAMMOMAT 1,XP WH,SAO LUIS,MA,NORDESTE,Connection Expired (More than 30 days),2015-08-10
3039011700,NOT CONNECTED,CIO116,CIOS,AXA SU,RIO DE JANEIRO,RJ,RIO DE JANEIRO,Connection Expired (More than 30 days),2018-03-28
3016320460,NOT CONNECTED,ACU104,ACUSON 4,US,RIO DE JANEIRO,RJ,RIO DE JANEIRO,Connection Expired (More than 30 days),2011-02-10
3037867366,NOT CONNECTED,ACU107,ACUSON 7,US,BLUMENAU,SC,SUL,Connection Expired (More than 30 days),2017-11-26
3048916198,NOT CONNECTED,MOB141,MOBILLET,XP SU,SAO PAULO,SP,SÃO PAULO,Connection Expired (More than 30 days),2021-02-24
3047473398,NOT CONNECTED,MAG131,MAGNETON 14,MR,GOIANIA,GO,CENTRO,Connection Expired (More than 30 days),2020-10-12
3029606802,SRS READY,MAG129,MAGNETON 12,MR,JUNDIAI,SP,SÃO PAULO INTERIOR,Connection OK,2015-04-02
3040312915,SRS READY,SOM159,SOMATOM 11,CT,TERESOPOLIS,RJ,RIO DE JANEIRO,Connection OK,2018-08-27
3028699927,SRS READY,ART111,ARTIS 1,AXA,LONDRINA,PR,SUL,Connection OK,2014-10-01
3031937110,SRS READY,SYN173,SYNGO 1,SY,PIRACICABA,SP,SÃO PAULO INTERIOR,Connection Expired (More than 30 days),2015-12-15
3030806182,SRS READY,MAM137,MAMMOMAT 1,XP WH,CURITIBA,PR,SUL,Connection Expired (More than 30 days),2015-08-10
3048920722,NOT CONNECTED,MOB141,MOBILLET,XP SU,BELEM,PA,CENTRO,Connection Expired (More than 30 days),2021-02-24
3047537143,NOT CONNECTED,MAG131,MAGNETON 14,MR,RIO DE JANEIRO,RJ,RIO DE JANEIRO,Connection Expired (More than 30 days),2020-12-18
3029290291,CONNECTED BUT NOT SRS READY,MAG129,MAGNETON 12,MR,SAO BERNARDO DO CAMPO,SP,SÃO PAULO,Connection OK,2015-06-23
3030899405,SRS READY,ART111,ARTIS 1,AXA,RIBEIRAO PRETO,SP,SÃO PAULO INTERIOR,Connection Expired (More than 30 days),2015-10-28
3036906548,SRS READY,SOM165,SOMATOM 2,CT,TELEMACO BORBA,PR,SUL,Connection OK,2017-08-19
3032333948,SRS READY,SYN173,SYNGO 1,SY,SALVADOR,BA,NORDESTE,Connection OK,2017-11-13
3030799854,CONNECTED BUT NOT SRS READY,MAM137,MAMMOMAT 1,XP WH,FORTALEZA,CE,NORDESTE,Connection Expired (More than 30 days),2015-08-10
3047541180,NOT CONNECTED,MAG131,MAGNETON 14,MR,ITU,SP,SÃO PAULO INTERIOR,Connection Expired (More than 30 days),2020-10-17
3030089588,SRS READY,MAG129,MAGNETON 12,MR,VILA VELHA,ES,RIO DE JANEIRO,Connection OK,2015-04-17
3030900386,SRS READY,ART111,ARTIS 1,AXA,MARILIA,SP,SÃO PAULO INTERIOR,Connection OK,2016-10-18
3037618114,NOT CONNECTED,ACU101,ACUSON 1,US,SAO PAULO,SP,SÃO PAULO,Connection Expired (More than 30 days),2017-12-18
3030811006,SRS READY,MAM137,MAMMOMAT 1,XP WH,CAMPO GRANDE,MS,SÃO PAULO INTERIOR,Connection Expired (More than 30 days),2015-08-10
3013930381,SRS READY,NUC148,NUCLEAR 14,MI SPECT,MACAE,RJ,RIO DE JANEIRO,Connection OK,2010-04-14
3047534599,NOT CONNECTED,MAG131,MAGNETON 14,MR,RIO DE JANEIRO,RJ,RIO DE JANEIRO,Connection Expired (More than 30 days),2020-10-26
3030101057,SRS READY,MAG129,MAGNETON 12,MR,SAO PAULO,SP,SÃO PAULO,Connection OK,2015-06-15
3031490032,SRS READY,ART111,ARTIS 1,AXA,SALVADOR,BA,NORDESTE,Connection OK,2016-07-18
3030873964,SRS READY,MAM137,MAMMOMAT 1,XP WH,ARACAJU,SE,NORDESTE,Connection Expired (More than 30 days),2015-08-10
3039011784,NOT CONNECTED,CIO116,CIOS,AXA SU,FORTALEZA,CE,NORDESTE,Connection Expired (More than 30 days),2018-03-28
3021207717,SRS READY,NUC148,NUCLEAR 14,MI SPECT,SAO JOSE DOS CAMPOS,SP,SÃO PAULO,Connection Expired (More than 30 days),2012-08-06
3003125302,NOT CONNECTED,MAG134,MAGNETON 17,MR,NOVA IGUACU,RJ,RIO DE JANEIRO,Connection Expired (More than 30 days),2004-12-14
3030101164,CONNECTED BUT NOT SRS READY,MAG129,MAGNETON 12,MR,RECIFE,PE,NORDESTE,Connection Expired (More than 30 days),2015-06-30
3034712373,SRS READY,ART111,ARTIS 1,AXA,RIO DE JANEIRO,RJ,RIO DE JANEIRO,Connection Expired (More than 30 days),2017-03-17
3037420747,SRS READY,SOM165,SOMATOM 2,CT,SALVADOR,BA,NORDESTE,Connection OK,2017-10-12
3032583697,SRS READY,SYN173,SYNGO 1,SY,CAMPO GRANDE,MS,SÃO PAULO INTERIOR,Connection OK,2016-08-19
3030885548,SRS READY,MAM137,MAMMOMAT 1,XP WH,BELO HORIZONTE,MG,CENTRO,Connection Expired (More than 30 days),2015-08-10
2100024947,SRS READY,NUC148,NUCLEAR 14,MI SPECT,PORTO ALEGRE,RS,SUL,Connection OK,1999-09-22
3003222192,SRS READY,MAG134,MAGNETON 17,MR,RIBEIRAO PRETO,SP,SÃO PAULO INTERIOR,Connection OK,2004-12-01
3047736902,NOT CONNECTED,MAG131,MAGNETON 14,MR,ITAJAI,SC,SUL,Connection Expired (More than 30 days),2020-11-13
3030150575,SRS READY,MAG129,MAGNETON 12,MR,CUIABA,MT,CENTRO,Connection OK,2015-07-06
3035193902,SRS READY,ART111,ARTIS 1,AXA,RECIFE,PE,NORDESTE,Connection OK,2017-09-12
3037616703,NOT CONNECTED,ACU101,ACUSON 1,US,BOTUCATU,SP,SÃO PAULO INTERIOR,Connection Expired (More than 30 days),2017-12-26
3047737034,NOT CONNECTED,MAG131,MAGNETON 14,MR,SAO JOSE DOS CAMPOS,SP,SÃO PAULO,Connection Expired (More than 30 days),2020-11-13
3030231259,SRS READY,MAG129,MAGNETON 12,MR,PIRACICABA,SP,SÃO PAULO INTERIOR,Connection OK,2015-07-27
3036337833,SRS READY,ART111,ARTIS 1,AXA,MACEIO,AL,NORDESTE,Connection On Risk (No Data from Last 30 days),2017-08-22
3033260259,SRS READY,SYN173,SYNGO 1,SY,VARGINHA,MG,RIO DE JANEIRO,Connection OK,2016-08-23
3030906474,SRS READY,MAM137,MAMMOMAT 1,XP WH,MACEIO,AL,NORDESTE,Connection Expired (More than 30 days),2015-08-10
3039209911,NOT CONNECTED,CIO116,CIOS,AXA SU,CURITIBA,PR,SUL,Connection Expired (More than 30 days),2018-04-24
3047781920,NOT CONNECTED,MAG131,MAGNETON 14,MR,MARINGA,PR,SUL,Connection Expired (More than 30 days),2020-11-13
3030259807,SRS READY,MAG129,MAGNETON 12,MR,TUPA,SP,SÃO PAULO INTERIOR,Connection OK,2015-07-22
3036623689,SRS READY,ART111,ARTIS 1,AXA,GOIANIA,GO,CENTRO,Connection Expired (More than 30 days),2017-09-03
3037687146,SRS READY,SOM165,SOMATOM 2,CT,VITORIA,ES,RIO DE JANEIRO,Connection OK,2017-11-05
3033699086,SRS READY,SYN173,SYNGO 1,SY,JOAO PESSOA,PB,NORDESTE,Connection Expired (More than 30 days),2016-08-26
3030906706,SRS READY,MAM137,MAMMOMAT 1,XP WH,NATAL,RN,NORDESTE,Connection Expired (More than 30 days),2015-08-10
3039209933,NOT CONNECTED,CIO116,CIOS,AXA SU,CURITIBANOS,SC,SUL,Connection Expired (More than 30 days),2018-04-24
3047841883,SRS READY,MAG131,MAGNETON 14,MR,VACARIA,RS,SUL,Connection OK,2020-11-23
3030281206,SRS READY,MAG129,MAGNETON 12,MR,SANTOS,SP,SÃO PAULO,Connection OK,2015-07-22
3045972031,SRS READY,SOM159,SOMATOM 11,CT,CRUZEIRO,SP,SÃO PAULO,Connection OK,2020-04-23
3037485760,SRS READY,ART111,ARTIS 1,AXA,CAMPINA GRANDE,PB,NORDESTE,Connection Expired (More than 30 days),2017-12-22
3034978980,NOT CONNECTED,ACU109,ACUSON 9,US,SAO PAULO,SP,SÃO PAULO,Connection Expired (More than 30 days),2018-11-29
3033853916,SRS READY,SYN173,SYNGO 1,SY,BELEM,PA,CENTRO,Connection Expired (More than 30 days),2017-06-06
3031109578,SRS READY,MAM137,MAMMOMAT 1,XP WH,SAO PAULO,SP,SÃO PAULO,Connection Expired (More than 30 days),2015-09-22
3039223829,NOT CONNECTED,CIO116,CIOS,AXA SU,CURITIBA,PR,SUL,Connection Expired (More than 30 days),2018-04-24
3048127739,NOT CONNECTED,MAG131,MAGNETON 14,MR,SALVADOR,BA,NORDESTE,Connection Expired (More than 30 days),2020-12-15
3030296315,SRS READY,MAG129,MAGNETON 12,MR,TERESINA,PI,NORDESTE,Connection OK,2015-06-30
3045885840,SRS READY,SOM159,SOMATOM 11,CT,SAO LUIS,MA,NORDESTE,Connection Expired (More than 30 days),2020-04-07
3043023915,SRS READY,ACU105,ACUSON 5,US,NOVA IGUACU,RJ,RIO DE JANEIRO,Connection Expired (More than 30 days),2019-07-23
3037743791,SRS READY,SOM165,SOMATOM 2,CT,VITORIA,ES,RIO DE JANEIRO,Connection OK,2017-11-18
3024089874,CONNECTED BUT NOT SRS READY,ACU104,ACUSON 4,US,RIO DE JANEIRO,RJ,RIO DE JANEIRO,Connection Expired (More than 30 days),2012-12-27
3036077645,NOT CONNECTED,ACU109,ACUSON 9,US,SAO PAULO,SP,SÃO PAULO,Connection Expired (More than 30 days),2017-11-17
3033865899,CONNECTED BUT NOT SRS READY,SYN173,SYNGO 1,SY,SAO PAULO,SP,SÃO PAULO,Connection OK,2016-11-16
3031112432,SRS READY,MAM137,MAMMOMAT 1,XP WH,SAO PAULO,SP,SÃO PAULO,Connection Expired (More than 30 days),2015-12-30
3017506182,NOT CONNECTED,ACU104,ACUSON 4,US,SANTOS,SP,SÃO PAULO,Connection Expired (More than 30 days),2011-05-17
3040116571,SRS READY,ACU107,ACUSON 7,US,PETROPOLIS,RJ,RIO DE JANEIRO,Connection Expired (More than 30 days),2019-04-10
3003719757,NOT CONNECTED,MAG134,MAGNETON 17,MR,RIO DE JANEIRO,RJ,RIO DE JANEIRO,Connection Expired (More than 30 days),2006-10-12
3048199827,NOT CONNECTED,MAG131,MAGNETON 14,MR,SALVADOR,BA,NORDESTE,Connection Expired (More than 30 days),2020-12-29
3030320001,SRS READY,MAG129,MAGNETON 12,MR,PIRACICABA,SP,SÃO PAULO INTERIOR,Connection OK,2015-07-30
3045885971,SRS READY,SOM159,SOMATOM 11,CT,BARRA MANSA,RJ,RIO DE JANEIRO,Connection OK,2020-04-07
3039473185,SRS READY,ART111,ARTIS 1,AXA,RECIFE,PE,NORDESTE,Connection Expired (More than 30 days),2018-06-22
3037744804,SRS READY,SOM165,SOMATOM 2,CT,LAGES,SC,SUL,Connection Expired (More than 30 days),2017-11-18
3011708750,NOT CONNECTED,SOM172,SOMATOM 9,CT,SAO PAULO,SP,SÃO PAULO,Connection Expired (More than 30 days),2010-02-24
3032005698,CONNECTED BUT NOT SRS READY,MAM137,MAMMOMAT 1,XP WH,SALVADOR,BA,NORDESTE,Connection Expired (More than 30 days),2015-12-29
3043145315,SRS READY,SOM161,SOMATOM 13,CT,PORTO ALEGRE,RS,SUL,Connection OK,2019-07-30
3003783144,NOT CONNECTED,MAG134,MAGNETON 17,MR,RIO DE JANEIRO,RJ,RIO DE JANEIRO,Connection Expired (More than 30 days),2005-06-30
3048350290,SRS READY,MAG131,MAGNETON 14,MR,CUIABA,MT,CENTRO,Connection OK,2021-01-12
3030329815,SRS READY,MAG129,MAGNETON 12,MR,PRESIDENTE PRUDENTE,SP,SÃO PAULO INTERIOR,Connection OK,2015-07-31
3045943365,SRS READY,SOM159,SOMATOM 11,CT,ARACATI,CE,NORDESTE,Connection Expired (More than 30 days),2020-04-22
3039783428,SRS READY,ART111,ARTIS 1,AXA,JOINVILLE,SC,SUL,Connection OK,2018-07-12
3038172791,SRS READY,SOM165,SOMATOM 2,CT,PORTO ALEGRE,RS,SUL,Connection OK,2018-11-01
3034036497,SRS READY,SYN173,SYNGO 1,SY,JOINVILLE,SC,SUL,Connection OK,2017-01-30
3048406007,NOT CONNECTED,MAG131,MAGNETON 14,MR,SALVADOR,BA,NORDESTE,Connection Expired (More than 30 days),2021-01-12
3030351622,SRS READY,MAG129,MAGNETON 12,MR,SAO PAULO,SP,SÃO PAULO,Connection OK,2015-06-15
3045985384,SRS READY,SOM159,SOMATOM 11,CT,ARAGUARI,MG,SÃO PAULO INTERIOR,Connection OK,2020-04-22
3048441489,NOT CONNECTED,MAG131,MAGNETON 14,MR,SALVADOR,BA,NORDESTE,Connection Expired (More than 30 days),2021-01-12
3030351638,SRS READY,MAG129,MAGNETON 12,MR,SAO PAULO,SP,SÃO PAULO,Connection OK,2015-07-31
3045952555,SRS READY,SOM159,SOMATOM 11,CT,JOAO PESSOA,PB,NORDESTE,Connection OK,2020-04-22
3035673460,CONNECTED BUT NOT SRS READY,SYN173,SYNGO 1,SY,SAO PAULO,SP,SÃO PAULO,Connection Expired (More than 30 days),2017-03-18
3039416944,NOT CONNECTED,CIO116,CIOS,AXA SU,CAMPINAS,SP,SÃO PAULO INTERIOR,Connection Expired (More than 30 days),2018-05-17
3048489241,CONNECTED BUT NOT SRS READY,MAG131,MAGNETON 14,MR,JUIZ DE FORA,MG,RIO DE JANEIRO,Connection OK,2021-02-03
3030537500,CONNECTED BUT NOT SRS READY,MAG129,MAGNETON 12,MR,SAO PAULO,SP,SÃO PAULO,Connection OK,2015-11-18
3045885975,SRS READY,SOM159,SOMATOM 11,CT,COTIA,SP,SÃO PAULO,Connection Expired (More than 30 days),2020-04-07
3047286453,SRS READY,MAG135,MAGNETON 18,MR,NITEROI,RJ,RIO DE JANEIRO,Connection OK,2020-09-01
3036510447,SRS READY,SYN173,SYNGO 1,SY,BELO HORIZONTE,MG,CENTRO,Connection Expired (More than 30 days),2017-08-02
3034673854,SRS READY,MAM137,MAMMOMAT 1,XP WH,RIO DE JANEIRO,RJ,RIO DE JANEIRO,Connection Expired (More than 30 days),2017-01-19
3048509942,NOT CONNECTED,MAG131,MAGNETON 14,MR,ITATIBA,SP,SÃO PAULO INTERIOR,Connection Expired (More than 30 days),2021-02-03
3030598079,SRS READY,MAG129,MAGNETON 12,MR,IBITINGA,SP,SÃO PAULO INTERIOR,Connection OK,2015-09-09
3046057872,SRS READY,SOM159,SOMATOM 11,CT,ICO,CE,NORDESTE,Connection Expired (More than 30 days),2020-07-14
3038589289,SRS READY,SOM165,SOMATOM 2,CT,PORTO ALEGRE,RS,SUL,Connection OK,2018-11-14
3024041174,NOT CONNECTED,ACU104,ACUSON 4,US,SALVADOR,BA,NORDESTE,Connection Expired (More than 30 days),2013-04-25
3044280611,SRS READY,SOM161,SOMATOM 13,CT,POUSO ALEGRE,MG,SÃO PAULO INTERIOR,Connection OK,2019-10-17
3048746408,SRS READY,MAG131,MAGNETON 14,MR,UBA,MG,RIO DE JANEIRO,Connection OK,2021-04-08
3031014080,SRS READY,MAG129,MAGNETON 12,MR,RIO DE JANEIRO,RJ,RIO DE JANEIRO,Connection Expired (More than 30 days),2016-01-15
3046274919,NOT CONNECTED,SOM159,SOMATOM 11,CT,PARANAIBA,MS,SÃO PAULO INTERIOR,Connection Expired (More than 30 days),2020-07-17
3037639608,SRS READY,SYN173,SYNGO 1,SY,NITEROI,RJ,RIO DE JANEIRO,Connection Expired (More than 30 days),2017-12-21
3046064385,CONNECTED BUT NOT SRS READY,ACU107,ACUSON 7,US,CIANORTE,PR,SUL,Connection Expired (More than 30 days),2020-04-15
3031318696,SRS READY,MAG129,MAGNETON 12,MR,GOIANIA,GO,CENTRO,Connection Expired (More than 30 days),2015-12-10
3046497174,NOT CONNECTED,SOM159,SOMATOM 11,CT,PARAGOMINAS,PA,CENTRO,Connection Expired (More than 30 days),2020-07-22
3035684175,CONNECTED BUT NOT SRS READY,MAM137,MAMMOMAT 1,XP WH,SAO PAULO,SP,SÃO PAULO,Connection Expired (More than 30 days),2017-05-22
3048072742,NOT CONNECTED,NUC150,NUCLEAR 3,MI PET,MURIAE,MG,RIO DE JANEIRO,Connection Expired (More than 30 days),2020-12-08
3004531664,SRS READY,MAG134,MAGNETON 17,MR,MACAE,RJ,RIO DE JANEIRO,Connection OK,2006-04-06
3031319043,SRS READY,MAG129,MAGNETON 12,MR,ARARAQUARA,SP,SÃO PAULO INTERIOR,Connection OK,2015-12-16
3046497180,NOT CONNECTED,SOM159,SOMATOM 11,CT,TEFE,AM,CENTRO,Connection Expired (More than 30 days),2020-07-22
3037985327,SRS READY,SYN173,SYNGO 1,SY,CAMPINAS,SP,SÃO PAULO INTERIOR,Connection OK,2017-12-10
3036733818,SRS READY,MAM137,MAMMOMAT 1,XP WH,BRASILIA,DF,CENTRO,Connection Expired (More than 30 days),2017-07-28
3039495906,SRS READY,NUC150,NUCLEAR 3,MI PET,RECIFE,PE,NORDESTE,Connection OK,2018-06-25
3031327134,SRS READY,MAG129,MAGNETON 12,MR,RIO DE JANEIRO,RJ,RIO DE JANEIRO,Connection OK,2015-12-02
3048742997,NOT CONNECTED,SOM159,SOMATOM 11,CT,ALAGOINHAS,BA,NORDESTE,Connection Expired (More than 30 days),2021-02-24
3038997011,SRS READY,SOM165,SOMATOM 2,CT,CABO FRIO,RJ,RIO DE JANEIRO,Connection OK,2018-04-12
3038080408,SRS READY,SYN173,SYNGO 1,SY,JOINVILLE,SC,SUL,Connection OK,2017-12-16
3036948397,SRS READY,LUM117,LUMINOS,XP RF,RIO DE JANEIRO,RJ,RIO DE JANEIRO,Connection Expired (More than 30 days),2017-12-06
3040149802,SRS READY,NUC150,NUCLEAR 3,MI PET,RECIFE,PE,NORDESTE,Connection OK,2018-01-09
3004586588,SRS READY,MAG134,MAGNETON 17,MR,SAO JOSE DO RIO PRETO,SP,SÃO PAULO INTERIOR,Connection OK,2007-02-07
3048756679,SRS READY,SOM159,SOMATOM 11,CT,ARACAJU,SE,NORDESTE,Connection OK,2021-02-24
3024431255,NOT CONNECTED,ACU104,ACUSON 4,US,BOTUCATU,SP,SÃO PAULO INTERIOR,Connection Expired (More than 30 days),2013-03-14
3037627723,SRS READY,LUM117,LUMINOS,XP RF,SAO PAULO,SP,SÃO PAULO,Connection Expired (More than 30 days),2018-01-11
3031600722,SRS READY,MAG129,MAGNETON 12,MR,RIO DE JANEIRO,RJ,RIO DE JANEIRO,Connection OK,2016-04-14
3048779288,NOT CONNECTED,SOM159,SOMATOM 11,CT,PRIMAVERA DO LESTE,MT,CENTRO,Connection Expired (More than 30 days),2021-02-24
3034430922,SRS READY,MAG119,MAGNETOM 2,MR,COLATINA,ES,RIO DE JANEIRO,Connection Expired (More than 30 days),2017-02-02
3024440002,CONNECTED BUT NOT SRS READY,ACU104,ACUSON 4,US,CHAPECO,SC,SUL,Connection Expired (More than 30 days),2013-07-18
3039957337,SRS READY,SYN173,SYNGO 1,SY,CAXIAS DO SUL,RS,SUL,Connection OK,2018-07-12
3037970667,SRS READY,LUM117,LUMINOS,XP RF,SAO PAULO,SP,SÃO PAULO,Connection Expired (More than 30 days),2017-12-18
3031691745,SRS READY,MAG129,MAGNETON 12,MR,CAMPINAS,SP,SÃO PAULO INTERIOR,Connection OK,2016-03-10
3048768915,SRS READY,SOM159,SOMATOM 11,CT,SOROCABA,SP,SÃO PAULO INTERIOR,Connection OK,2021-02-24
3034439860,CONNECTED BUT NOT SRS READY,MAG119,MAGNETOM 2,MR,SOROCABA,SP,SÃO PAULO INTERIOR,Connection Expired (More than 30 days),2017-03-14
3024440051,NOT CONNECTED,ACU104,ACUSON 4,US,BOTUCATU,SP,SÃO PAULO INTERIOR,Connection Expired (More than 30 days),2013-03-14
3040106085,SRS READY,SYN173,SYNGO 1,SY,RIO DE JANEIRO,RJ,RIO DE JANEIRO,Connection OK,2018-08-10
3037971010,CONNECTED BUT NOT SRS READY,LUM117,LUMINOS,XP RF,SAO PAULO,SP,SÃO PAULO,Connection Expired (More than 30 days),2017-12-18
3039847832,NOT CONNECTED,CIO116,CIOS,AXA SU,CURITIBA,PR,SUL,Connection Expired (More than 30 days),2018-06-28
3031756904,SRS READY,MAG129,MAGNETON 12,MR,CAMPO GRANDE,MS,SÃO PAULO INTERIOR,Connection OK,2016-06-13
3049370199,NOT CONNECTED,SOM159,SOMATOM 11,CT,BELO HORIZONTE,MG,CENTRO,Connection Expired (More than 30 days),2021-04-15
3043913325,SRS READY,ART111,ARTIS 1,AXA,CHAPECO,SC,SUL,Connection Expired (More than 30 days),2019-09-11
3034523735,SRS READY,MAG119,MAGNETOM 2,MR,CRUZ DAS ALMAS,BA,NORDESTE,Connection OK,2017-06-16
3037982336,CONNECTED BUT NOT SRS READY,LUM117,LUMINOS,XP RF,SAO PAULO,SP,SÃO PAULO,Connection Expired (More than 30 days),2017-12-18
3018673302,SRS READY,NUC144,NUCLEAR 10,MI SPECT,RIO DE JANEIRO,RJ,RIO DE JANEIRO,Connection OK,2011-09-15
3031884064,SRS READY,MAG129,MAGNETON 12,MR,MANAUS,AM,CENTRO,Connection OK,2016-03-17
3046984949,SRS READY,ART111,ARTIS 1,AXA,MARINGA,PR,SUL,Connection Expired (More than 30 days),2020-08-11
3034729891,SRS READY,MAG119,MAGNETOM 2,MR,RIO DE JANEIRO,RJ,RIO DE JANEIRO,Connection OK,2017-04-04
3014110489,SRS READY,SOM172,SOMATOM 9,CT,PORTO ALEGRE,RS,SUL,Connection OK,2010-06-02
3043012595,SRS READY,SYN173,SYNGO 1,SY,SALVADOR,BA,NORDESTE,Connection OK,2019-06-27
3038150077,SRS READY,LUM117,LUMINOS,XP RF,SAO PAULO,SP,SÃO PAULO,Connection OK,2018-01-05
3044916643,SRS READY,SOM161,SOMATOM 13,CT,BAURU,SP,SÃO PAULO INTERIOR,Connection OK,2020-01-06
3025089262,SRS READY,NUC144,NUCLEAR 10,MI SPECT,CURITIBA,PR,SUL,Connection Expired (More than 30 days),2013-07-18
3031968066,SRS READY,MAG129,MAGNETON 12,MR,ITABUNA,BA,NORDESTE,Connection OK,2016-05-10
3048337637,NOT CONNECTED,ART111,ARTIS 1,AXA,SANTA MARIA,RS,SUL,Connection Expired (More than 30 days),2021-01-12
3034943585,SRS READY,MAG119,MAGNETOM 2,MR,CAMPINAS,SP,SÃO PAULO INTERIOR,Connection OK,2017-05-18
3043248689,SRS READY,SYN173,SYNGO 1,SY,VITORIA,ES,RIO DE JANEIRO,Connection OK,2019-08-09
3038176135,SRS READY,LUM117,LUMINOS,XP RF,SAO PAULO,SP,SÃO PAULO,Connection Expired (More than 30 days),2018-04-17
3040563855,CONNECTED BUT NOT SRS READY,CIO116,CIOS,AXA SU,CAMPO GRANDE,MS,SÃO PAULO INTERIOR,Connection Expired (More than 30 days),2018-11-22
3045223542,SRS READY,SOM161,SOMATOM 13,CT,GOVERNADOR VALADARES,MG,CENTRO,Connection OK,2020-03-06
3026993632,SRS READY,NUC144,NUCLEAR 10,MI SPECT,FLORIANOPOLIS,SC,SUL,Connection Expired (More than 30 days),2014-02-21
3032432375,SRS READY,MAG129,MAGNETON 12,MR,ALFENAS,MG,SÃO PAULO INTERIOR,Connection OK,2016-09-28
3034943686,SRS READY,MAG119,MAGNETOM 2,MR,RECIFE,PE,NORDESTE,Connection OK,2017-07-25
3045223570,SRS READY,SOM161,SOMATOM 13,CT,BELO HORIZONTE,MG,CENTRO,Connection OK,2020-03-13
3006300384,SRS READY,MAG134,MAGNETON 17,MR,BARRA DO PIRAI,RJ,RIO DE JANEIRO,Connection OK,2007-03-21
3032704131,SRS READY,MAG129,MAGNETON 12,MR,BRASILIA,DF,CENTRO,Connection OK,2016-06-21
3014159748,SRS READY,SOM172,SOMATOM 9,CT,SALVADOR,BA,NORDESTE,Connection OK,2010-08-18
3039094590,CONNECTED BUT NOT SRS READY,LUM117,LUMINOS,XP RF,SAO PAULO,SP,SÃO PAULO,Connection OK,2018-04-17
3046007029,SRS READY,SOM161,SOMATOM 13,CT,MANAUS,AM,CENTRO,Connection Expired (More than 30 days),2020-04-23
3033305949,SRS READY,MAG129,MAGNETON 12,MR,CASCAVEL,PR,SUL,Connection OK,2016-09-01
3035106938,SRS READY,MAG119,MAGNETOM 2,MR,SAO GONCALO,RJ,RIO DE JANEIRO,Connection OK,2017-04-24
3046207492,NOT CONNECTED,SYN173,SYNGO 1,SY,SAO PAULO,SP,SÃO PAULO,Connection Expired (More than 30 days),2020-04-28
3046025100,SRS READY,SOM161,SOMATOM 13,CT,SANTO ANDRE,SP,SÃO PAULO,Connection OK,2020-04-23
3035110849,SRS READY,MAG119,MAGNETOM 2,MR,FEIRA DE SANTANA,BA,NORDESTE,Connection On Risk (No Data from Last 30 days),2017-05-26
3046829644,CONNECTED BUT NOT SRS READY,SYN173,SYNGO 1,SY,SAO PAULO,SP,SÃO PAULO,Connection Expired (More than 30 days),2020-07-17
3046054737,SRS READY,SOM161,SOMATOM 13,CT,SAO LUIS,MA,NORDESTE,Connection OK,2020-04-23
3035123374,SRS READY,MAG119,MAGNETOM 2,MR,SAO PAULO,SP,SÃO PAULO,Connection Expired (More than 30 days),2017-09-27
3038372287,NOT CONNECTED,ACU101,ACUSON 1,US,SAO PAULO,SP,SÃO PAULO INTERIOR,Connection Expired (More than 30 days),2018-01-12
3015802975,SRS READY,SOM172,SOMATOM 9,CT,ARARUAMA,RJ,RIO DE JANEIRO,Connection OK,2011-01-26
3047155978,CONNECTED BUT NOT SRS READY,SYN173,SYNGO 1,SY,PORTO ALEGRE,RS,SUL,Connection OK,2020-09-03
3040770760,NOT CONNECTED,CIO116,CIOS,AXA SU,CURITIBA,PR,SUL,Connection Expired (More than 30 days),2018-12-13
3046054846,SRS READY,SOM161,SOMATOM 13,CT,RIBEIRAO PRETO,SP,SÃO PAULO INTERIOR,Connection OK,2020-04-23
3007209472,SRS READY,MAG134,MAGNETON 17,MR,OLIMPIA,SP,SÃO PAULO INTERIOR,Connection OK,2007-09-12
3035123330,CONNECTED BUT NOT SRS READY,MAG119,MAGNETOM 2,MR,RECIFE,PE,NORDESTE,Connection OK,2017-02-26
3048006811,NOT CONNECTED,SYN173,SYNGO 1,SY,MURIAE,MG,RIO DE JANEIRO,Connection Expired (More than 30 days),2020-12-08
3040770701,CONNECTED BUT NOT SRS READY,CIO116,CIOS,AXA SU,RIO CLARO,SP,SÃO PAULO INTERIOR,Connection Expired (More than 30 days),2018-12-20
3046956110,SRS READY,SOM161,SOMATOM 13,CT,RECIFE,PE,NORDESTE,Connection OK,2020-08-06
3035160521,SRS READY,MAG119,MAGNETOM 2,MR,RIO VERDE,GO,CENTRO,Connection OK,2017-08-11
3038373473,NOT CONNECTED,ACU101,ACUSON 1,US,GUARULHOS,SP,SÃO PAULO,Connection Expired (More than 30 days),2018-01-12
3016673180,NOT CONNECTED,SOM172,SOMATOM 9,CT,SAO PAULO,SP,SÃO PAULO INTERIOR,Connection Expired (More than 30 days),2011-06-29
3048583899,NOT CONNECTED,SYN173,SYNGO 1,SY,SALVADOR,BA,NORDESTE,Connection Expired (More than 30 days),2021-01-22
3046956124,SRS READY,SOM161,SOMATOM 13,CT,RIO DE JANEIRO,RJ,RIO DE JANEIRO,Connection OK,2020-08-06
3035171245,CONNECTED BUT NOT SRS READY,MAG119,MAGNETOM 2,MR,SAO PAULO,SP,SÃO PAULO,Connection OK,2017-09-25
3016673181,SRS READY,SOM172,SOMATOM 9,CT,CUIABA,MT,CENTRO,Connection OK,2012-05-25
3048598812,NOT CONNECTED,SYN173,SYNGO 1,SY,SALVADOR,BA,NORDESTE,Connection Expired (More than 30 days),2021-01-22
3047130911,SRS READY,SOM161,SOMATOM 13,CT,JUNDIAI,SP,SÃO PAULO,Connection Expired (More than 30 days),2020-08-20
3035391993,SRS READY,MAG119,MAGNETOM 2,MR,GOIANESIA,GO,CENTRO,Connection OK,2017-09-13
3048807628,NOT CONNECTED,SYN173,SYNGO 1,SY,SALVADOR,BA,NORDESTE,Connection Expired (More than 30 days),2021-02-24
3047130939,SRS READY,SOM161,SOMATOM 13,CT,VITORIA,ES,RIO DE JANEIRO,Connection OK,2020-08-21
3035419887,SRS READY,MAG119,MAGNETOM 2,MR,CAMPINAS,SP,SÃO PAULO INTERIOR,Connection OK,2017-09-15
3016686125,SRS READY,SOM172,SOMATOM 9,CT,PAULO AFONSO,BA,NORDESTE,Connection Expired (More than 30 days),2011-01-24
3048810474,NOT CONNECTED,SYN173,SYNGO 1,SY,SALVADOR,BA,NORDESTE,Connection Expired (More than 30 days),2021-02-24
3047132787,SRS READY,SOM161,SOMATOM 13,CT,JOAO PESSOA,PB,NORDESTE,Connection OK,2020-08-21
3035558484,SRS READY,MAG119,MAGNETOM 2,MR,GUANAMBI,BA,NORDESTE,Connection OK,2017-03-18
3024827366,NOT CONNECTED,ACU104,ACUSON 4,US,CURITIBA,PR,SUL,Connection Expired (More than 30 days),2013-07-05
3048994983,NOT CONNECTED,SYN173,SYNGO 1,SY,SAPIRANGA,RS,SUL,Connection Expired (More than 30 days),2021-04-15
3045928686,SRS READY,LUM117,LUMINOS,XP RF,SAO PAULO,SP,SÃO PAULO,Connection Expired (More than 30 days),2020-04-13
3047132804,SRS READY,SOM161,SOMATOM 13,CT,JOAO PESSOA,PB,NORDESTE,Connection OK,2020-08-21
3035665819,SRS READY,MAG119,MAGNETOM 2,MR,IRECE,BA,NORDESTE,Connection Expired (More than 30 days),2017-09-15
3016772889,NOT CONNECTED,SOM172,SOMATOM 9,CT,SANTO ANDRE,SP,SÃO PAULO,Connection Expired (More than 30 days),2011-05-30
3047246390,SRS READY,SOM161,SOMATOM 13,CT,SAO PAULO,SP,SÃO PAULO,Connection OK,2020-09-10
3025691759,SRS READY,SYN173,SYNGO 1,SY,SAO PAULO,SP,SÃO PAULO,Connection Expired (More than 30 days),2013-12-09
3047291338,CONNECTED BUT NOT SRS READY,SOM161,SOMATOM 13,CT,MARECHAL CÂNDIDO RONDON,PR,SUL,Connection OK,2020-09-10
3025693080,SRS READY,SYN173,SYNGO 1,SY,RECIFE,PE,NORDESTE,Connection OK,2013-12-09
3047538619,SRS READY,SOM161,SOMATOM 13,CT,PORTO UNIAO,SC,SUL,Connection OK,2020-10-17
3046222525,CONNECTED BUT NOT SRS READY,ACU105,ACUSON 5,US,JUIZ DE FORA,MG,RIO DE JANEIRO,Connection Expired (More than 30 days),2020-04-28
3036122683,SRS READY,MAG119,MAGNETOM 2,MR,GOIANIA,GO,CENTRO,Connection OK,2017-10-04
3025195370,NOT CONNECTED,ACU104,ACUSON 4,US,SAO CARLOS,SP,SÃO PAULO INTERIOR,Connection Expired (More than 30 days),2013-07-02
3038604335,NOT CONNECTED,ACU101,ACUSON 1,US,GUARULHOS,SP,SÃO PAULO,Connection Expired (More than 30 days),2018-02-13
3017096886,SRS READY,SOM172,SOMATOM 9,CT,VILA VELHA,ES,RIO DE JANEIRO,Connection Expired (More than 30 days),2011-07-15
3025966161,SRS READY,SYN173,SYNGO 1,SY,MACAPA,AP,CENTRO,Connection OK,2013-10-16
3047556213,SRS READY,SOM161,SOMATOM 13,CT,CAMPO NOVO DO PARECIS,MT,CENTRO,Connection OK,2020-10-17
3046223315,NOT CONNECTED,ACU105,ACUSON 5,US,FORTALEZA,CE,NORDESTE,Connection Expired (More than 30 days),2020-04-28
3036493774,SRS READY,MAG119,MAGNETOM 2,MR,MARILIA,SP,SÃO PAULO INTERIOR,Connection Expired (More than 30 days),2017-10-30
3038604348,NOT CONNECTED,ACU101,ACUSON 1,US,SAO PAULO,SP,SÃO PAULO,Connection Expired (More than 30 days),2018-02-13
3047556107,SRS READY,SOM161,SOMATOM 13,CT,DIVINOPOLIS,MG,CENTRO,Connection OK,2020-10-17
3046223295,NOT CONNECTED,ACU105,ACUSON 5,US,RIO DE JANEIRO,RJ,RIO DE JANEIRO,Connection Expired (More than 30 days),2020-04-28
3036494087,CONNECTED BUT NOT SRS READY,MAG119,MAGNETOM 2,MR,SAO ROQUE,SP,SÃO PAULO INTERIOR,Connection OK,2017-07-16
3040922514,CONNECTED BUT NOT SRS READY,CIO116,CIOS,AXA SU,RIO DE JANEIRO,RJ,RIO DE JANEIRO,Connection Expired (More than 30 days),2019-01-16
3047638327,SRS READY,SOM161,SOMATOM 13,CT,PALMAS,TO,CENTRO,Connection OK,2021-01-29
3046225372,SRS READY,ACU105,ACUSON 5,US,NOVA PETROPOLIS,RS,SUL,Connection Expired (More than 30 days),2020-04-28
3036907283,SRS READY,MAG119,MAGNETOM 2,MR,SALVADOR,BA,NORDESTE,Connection OK,2017-08-26
3017331125,SRS READY,SOM172,SOMATOM 9,CT,ILHEUS,BA,NORDESTE,Connection OK,2011-08-25
3047676453,SRS READY,SOM161,SOMATOM 13,CT,SAO PAULO,SP,SÃO PAULO,Connection OK,2020-12-29
3047164041,SRS READY,ACU105,ACUSON 5,US,CAMPINAS,SP,SÃO PAULO INTERIOR,Connection Expired (More than 30 days),2020-08-19
3025195712,NOT CONNECTED,ACU104,ACUSON 4,US,SAO PAULO,SP,SÃO PAULO,Connection Expired (More than 30 days),2013-06-24
3029480647,SRS READY,SYN173,SYNGO 1,SY,PETROPOLIS,RJ,RIO DE JANEIRO,Connection OK,2014-12-09
3047691562,SRS READY,SOM161,SOMATOM 13,CT,ESTRELA,RS,SUL,Connection OK,2021-03-25
3047163960,NOT CONNECTED,ACU105,ACUSON 5,US,PORTO ALEGRE,RS,SUL,Connection Expired (More than 30 days),2020-10-05
3037065517,SRS READY,MAG119,MAGNETOM 2,MR,RECIFE,PE,NORDESTE,Connection OK,2018-01-03
3017331127,NOT CONNECTED,SOM172,SOMATOM 9,CT,SAO PAULO,SP,SÃO PAULO,Connection Expired (More than 30 days),2011-06-29
3029486070,SRS READY,SYN173,SYNGO 1,SY,ARACAJU,SE,NORDESTE,Connection Expired (More than 30 days),2015-04-22
3047691839,SRS READY,SOM161,SOMATOM 13,CT,SANTO ANDRE,SP,SÃO PAULO,Connection OK,2020-11-19
3047164015,NOT CONNECTED,ACU105,ACUSON 5,US,GUARULHOS,SP,SÃO PAULO,Connection Expired (More than 30 days),2020-08-19
3017374325,NOT CONNECTED,SOM172,SOMATOM 9,CT,BENTO GONCALVES,RS,SUL,Connection Expired (More than 30 days),2011-12-01
3047692238,NOT CONNECTED,SOM161,SOMATOM 13,CT,TABOAO DA SERRA,SP,SÃO PAULO,Connection Expired (More than 30 days),2021-01-18
3047164105,SRS READY,ACU105,ACUSON 5,US,GOIANIA,GO,CENTRO,Connection Expired (More than 30 days),2020-08-19
3037484051,SRS READY,MAG119,MAGNETOM 2,MR,RIO DE JANEIRO,RJ,RIO DE JANEIRO,Connection Expired (More than 30 days),2017-10-21
3031257311,SRS READY,SYN173,SYNGO 1,SY,UBA,MG,RIO DE JANEIRO,Connection Expired (More than 30 days),2015-09-29
3040958290,SRS READY,CIO116,CIOS,AXA SU,RIO DE JANEIRO,RJ,RIO DE JANEIRO,Connection Expired (More than 30 days),2019-01-16
3047692376,SRS READY,SOM161,SOMATOM 13,CT,SINOP,MT,CENTRO,Connection OK,2020-11-04
3047163557,SRS READY,ACU105,ACUSON 5,US,BARRA DO GARCAS,MT,CENTRO,Connection Expired (More than 30 days),2020-08-19
3037558227,SRS READY,MAG119,MAGNETOM 2,MR,PALMAS,PR,SUL,Connection OK,2017-11-02
3047983915,CONNECTED BUT NOT SRS READY,SOM161,SOMATOM 13,CT,VILA VELHA,ES,RIO DE JANEIRO,Connection OK,2020-12-02
3047163931,NOT CONNECTED,ACU105,ACUSON 5,US,BELEM,PA,CENTRO,Connection Expired (More than 30 days),2020-08-19
3037558636,SRS READY,MAG119,MAGNETOM 2,MR,SANTOS,SP,SÃO PAULO,Connection OK,2017-11-02
3032032361,CONNECTED BUT NOT SRS READY,SYN173,SYNGO 1,SY,SALVADOR,BA,NORDESTE,Connection Expired (More than 30 days),2015-12-29
3048082774,SRS READY,SOM161,SOMATOM 13,CT,SAO PAULO,SP,SÃO PAULO,Connection OK,2021-02-18
3047163102,SRS READY,ACU105,ACUSON 5,US,PORTO ALEGRE,RS,SUL,Connection Expired (More than 30 days),2020-08-19
3017661742,NOT CONNECTED,SOM172,SOMATOM 9,CT,JOAO PESSOA,PB,NORDESTE,Connection Expired (More than 30 days),2011-11-28
3048048031,SRS READY,SOM161,SOMATOM 13,CT,IRECE,BA,NORDESTE,Connection OK,2020-11-30
3047167211,SRS READY,ACU105,ACUSON 5,US,JUIZ DE FORA,MG,RIO DE JANEIRO,Connection Expired (More than 30 days),2020-08-19
3037616516,SRS READY,MAG119,MAGNETOM 2,MR,SAO PAULO,SP,SÃO PAULO,Connection OK,2017-11-18
3048271591,CONNECTED BUT NOT SRS READY,SOM161,SOMATOM 13,CT,FEIRA DE SANTANA,BA,NORDESTE,Connection Expired (More than 30 days),2020-12-29
3047164476,SRS READY,ACU105,ACUSON 5,US,ALEGRETE,RS,SUL,Connection Expired (More than 30 days),2020-08-19
3037964114,SRS READY,MAG119,MAGNETOM 2,MR,VALINHOS,SP,SÃO PAULO INTERIOR,Connection OK,2018-01-31
3017715691,SRS READY,SOM172,SOMATOM 9,CT,BETIM,MG,CENTRO,Connection Expired (More than 30 days),2011-08-31
3048317450,NOT CONNECTED,SOM161,SOMATOM 13,CT,JATAI,GO,CENTRO,Connection Expired (More than 30 days),2020-12-29
3047166588,CONNECTED BUT NOT SRS READY,ACU105,ACUSON 5,US,PETROPOLIS,RJ,RIO DE JANEIRO,Connection Expired (More than 30 days),2020-10-15
3038075831,SRS READY,MAG119,MAGNETOM 2,MR,LINS,SP,SÃO PAULO INTERIOR,Connection OK,2017-12-24
3017715692,NOT CONNECTED,SOM172,SOMATOM 9,CT,GUARULHOS,SP,SÃO PAULO,Connection Expired (More than 30 days),2011-09-28
3047676348,NOT CONNECTED,ACU105,ACUSON 5,US,SAUDE,SP,SÃO PAULO,Connection Expired (More than 30 days),2020-10-17
3048579513,NOT CONNECTED,SOM161,SOMATOM 13,CT,JOINVILLE,SC,SUL,Connection Expired (More than 30 days),2021-02-03
3047677038,SRS READY,ACU105,ACUSON 5,US,PELOTAS,RS,SUL,Connection Expired (More than 30 days),2020-10-17
3038281272,NOT CONNECTED,MAG119,MAGNETOM 2,MR,FEIRA DE SANTANA,BA,NORDESTE,Connection Expired (More than 30 days),2018-01-22
3041016181,CONNECTED BUT NOT SRS READY,CIO116,CIOS,AXA SU,SAO JOSE DO RIO PRETO,SP,SÃO PAULO INTERIOR,Connection Expired (More than 30 days),2019-05-16
3048605484,NOT CONNECTED,SOM161,SOMATOM 13,CT,BELEM,PA,CENTRO,Connection Expired (More than 30 days),2021-02-03
3047689849,SRS READY,ACU105,ACUSON 5,US,MACEIO,AL,NORDESTE,Connection Expired (More than 30 days),2020-10-17
3038300039,NOT CONNECTED,MAG119,MAGNETOM 2,MR,SALVADOR,BA,NORDESTE,Connection Expired (More than 30 days),2018-01-26
3049109219,NOT CONNECTED,SOM161,SOMATOM 13,CT,JOINVILLE,SC,SUL,Connection Expired (More than 30 days),2021-04-15
3047690719,SRS READY,ACU105,ACUSON 5,US,CARIACICA,ES,RIO DE JANEIRO,Connection Expired (More than 30 days),2020-10-17
3049193939,NOT CONNECTED,SOM161,SOMATOM 13,CT,JOINVILLE,SC,SUL,Connection Expired (More than 30 days),2021-04-15
3047692451,SRS READY,ACU105,ACUSON 5,US,SAO PAULO,SP,SÃO PAULO,Connection Expired (More than 30 days),2020-10-17
3038347583,NOT CONNECTED,MAG119,MAGNETOM 2,MR,SALVADOR,BA,NORDESTE,Connection Expired (More than 30 days),2018-01-30
3048175693,SRS READY,ACU105,ACUSON 5,US,SAO PAULO,SP,SÃO PAULO,Connection Expired (More than 30 days),2020-12-02
3038357872,SRS READY,MAG119,MAGNETOM 2,MR,BELO HORIZONTE,MG,CENTRO,Connection OK,2018-02-01
3017981592,SRS READY,SOM172,SOMATOM 9,CT,DUQUE DE CAXIAS,RJ,RIO DE JANEIRO,Connection Expired (More than 30 days),2013-01-30
3048172745,NOT CONNECTED,ACU105,ACUSON 5,US,PORTO ALEGRE,RS,SUL,Connection Expired (More than 30 days),2020-12-02
3038358086,SRS READY,MAG119,MAGNETOM 2,MR,CURITIBA,PR,SUL,Connection OK,2019-02-08
3018010309,NOT CONNECTED,SOM172,SOMATOM 9,CT,BELO HORIZONTE,MG,CENTRO,Connection Expired (More than 30 days),2011-11-30
3048173844,NOT CONNECTED,ACU105,ACUSON 5,US,PENAPOLIS,SP,SÃO PAULO INTERIOR,Connection Expired (More than 30 days),2020-12-02
3038407184,CONNECTED BUT NOT SRS READY,MAG119,MAGNETOM 2,MR,CRUZEIRO,SP,SÃO PAULO,Connection OK,2018-02-01
3019465260,SRS READY,SOM172,SOMATOM 9,CT,BRASILIA,DF,CENTRO,Connection Expired (More than 30 days),2012-03-29
3049473134,NOT CONNECTED,ACU105,ACUSON 5,US,PORTO ALEGRE,RS,SUL,Connection Expired (More than 30 days),2021-04-15
3038436503,SRS READY,MAG119,MAGNETOM 2,MR,SAO PAULO,SP,SÃO PAULO,Connection OK,2018-12-06
3041043874,NOT CONNECTED,CIO116,CIOS,AXA SU,SANTOS,SP,SÃO PAULO,Connection Expired (More than 30 days),2018-01-09
3019465265,SRS READY,SOM172,SOMATOM 9,CT,MACAPA,AP,CENTRO,Connection OK,2012-01-31
3038499333,SRS READY,MAG119,MAGNETOM 2,MR,ASSIS,SP,SÃO PAULO INTERIOR,Connection Expired (More than 30 days),2018-02-26
3047329483,SRS READY,SYN173,SYNGO 1,SY,SANTA ROSA,RS,SUL,Connection OK,2020-10-15
3038523760,SRS READY,MAG119,MAGNETOM 2,MR,JUIZ DE FORA,MG,RIO DE JANEIRO,Connection OK,2018-03-01
3047608790,NOT CONNECTED,SYN173,SYNGO 1,SY,SUZANO,SP,SÃO PAULO,Connection Expired (More than 30 days),2020-10-12
3041103044,CONNECTED BUT NOT SRS READY,CIO116,CIOS,AXA SU,BELO HORIZONTE,MG,CENTRO,Connection Expired (More than 30 days),2019-03-18
3038925195,SRS READY,MAG119,MAGNETOM 2,MR,CAMPINAS,SP,SÃO PAULO INTERIOR,Connection OK,2018-04-11
3039513741,NOT CONNECTED,ACU101,ACUSON 1,US,SAO PAULO,SP,SÃO PAULO,Connection Expired (More than 30 days),2018-05-21
3048162091,SRS READY,SYN173,SYNGO 1,SY,SAO PAULO,SP,SÃO PAULO,Connection OK,2020-12-02
3020071531,SRS READY,SOM172,SOMATOM 9,CT,RIO DE JANEIRO,RJ,RIO DE JANEIRO,Connection Expired (More than 30 days),2012-05-07
3039251769,SRS READY,MAG119,MAGNETOM 2,MR,BRASILIA,DF,CENTRO,Connection OK,2018-05-14
3039406717,CONNECTED BUT NOT SRS READY,MAG119,MAGNETOM 2,MR,PELOTAS,RS,SUL,Connection Expired (More than 30 days),2018-06-04
3039500808,NOT CONNECTED,ACU101,ACUSON 1,US,SAO PAULO,SP,SÃO PAULO,Connection Expired (More than 30 days),2018-05-21
3039490340,NOT CONNECTED,ACU101,ACUSON 1,US,SAO PAULO,SP,SÃO PAULO,Connection Expired (More than 30 days),2018-05-21
3034816046,SRS READY,SYN173,SYNGO 1,SY,SETE LAGOAS,MG,CENTRO,Connection OK,2017-01-05
3039852064,SRS READY,MAG119,MAGNETOM 2,MR,BOA VISTA,RR,CENTRO,Connection Expired (More than 30 days),2018-07-25
3040021013,SRS READY,MAG119,MAGNETOM 2,MR,RIO DE JANEIRO,RJ,RIO DE JANEIRO,Connection OK,2018-11-14
3026432090,NOT CONNECTED,ACU104,ACUSON 4,US,PONTA PORA,MS,SÃO PAULO INTERIOR,Connection Expired (More than 30 days),2014-06-03
3040108324,SRS READY,MAG119,MAGNETOM 2,MR,CARPINA,PE,NORDESTE,Connection OK,2018-11-19
3035311695,SRS READY,SYN173,SYNGO 1,SY,SAO PAULO,SP,SÃO PAULO INTERIOR,Connection Expired (More than 30 days),2018-06-28
3040667886,SRS READY,MAG119,MAGNETOM 2,MR,ESPIRITO SANTO DO PINHAL,SP,SÃO PAULO INTERIOR,Connection OK,2019-02-28
3026440050,NOT CONNECTED,ACU104,ACUSON 4,US,VITORIA,ES,RIO DE JANEIRO,Connection Expired (More than 30 days),2013-11-26
3039504576,NOT CONNECTED,ACU101,ACUSON 1,US,SAO PAULO,SP,SÃO PAULO,Connection Expired (More than 30 days),2018-05-21
3020855139,SRS READY,SOM172,SOMATOM 9,CT,SAO PAULO,SP,SÃO PAULO,Connection Expired (More than 30 days),2012-12-23
3039504210,NOT CONNECTED,ACU101,ACUSON 1,US,SAO PAULO,SP,SÃO PAULO,Connection Expired (More than 30 days),2018-05-21
3041182779,SRS READY,MAG119,MAGNETOM 2,MR,NAVEGANTES,SC,SUL,Connection OK,2019-02-08
3021114139,SRS READY,SOM172,SOMATOM 9,CT,VIAMAO,RS,SUL,Connection Expired (More than 30 days),2012-09-19
3041474617,SRS READY,MAG119,MAGNETOM 2,MR,CHAPECO,SC,SUL,Connection OK,2019-03-27
3035358765,SRS READY,SYN173,SYNGO 1,SY,SAO PAULO,SP,SÃO PAULO,Connection Expired (More than 30 days),2017-01-30
3039500696,NOT CONNECTED,ACU101,ACUSON 1,US,SAO PAULO,SP,SÃO PAULO,Connection Expired (More than 30 days),2018-05-21
3039489787,NOT CONNECTED,ACU101,ACUSON 1,US,SAO PAULO,SP,SÃO PAULO,Connection Expired (More than 30 days),2018-05-21
3021305704,CONNECTED BUT NOT SRS READY,SOM172,SOMATOM 9,CT,LENCOIS PAULISTA,SP,SÃO PAULO INTERIOR,Connection OK,2012-10-11
3040187608,NOT CONNECTED,ACU101,ACUSON 1,US,SAO PAULO,SP,SÃO PAULO,Connection Expired (More than 30 days),2018-12-17
3021305705,SRS READY,SOM172,SOMATOM 9,CT,GOIANIA,GO,CENTRO,Connection Expired (More than 30 days),2012-09-27
3041820294,NOT CONNECTED,MAG119,MAGNETOM 2,MR,SAO LUIS,MA,NORDESTE,Connection Expired (More than 30 days),2019-06-21
3040202105,NOT CONNECTED,ACU101,ACUSON 1,US,SAO PAULO,SP,SÃO PAULO,Connection Expired (More than 30 days),2018-12-17
3040187342,NOT CONNECTED,ACU101,ACUSON 1,US,SAO PAULO,SP,SÃO PAULO,Connection Expired (More than 30 days),2018-11-14
3023407947,NOT CONNECTED,SOM172,SOMATOM 9,CT,NITEROI,RJ,RIO DE JANEIRO,Connection Expired (More than 30 days),2012-12-13
3042312644,SRS READY,MAG119,MAGNETOM 2,MR,BARRETOS,SP,SÃO PAULO INTERIOR,Connection OK,2019-04-04
3040171771,NOT CONNECTED,ACU101,ACUSON 1,US,SAO PAULO,SP,SÃO PAULO,Connection Expired (More than 30 days),2018-11-14
3040173297,NOT CONNECTED,ACU101,ACUSON 1,US,SAO PAULO,SP,SÃO PAULO,Connection Expired (More than 30 days),2018-12-17
3040172100,NOT CONNECTED,ACU101,ACUSON 1,US,SAO PAULO,SP,SÃO PAULO,Connection Expired (More than 30 days),2018-12-17
3036875760,SRS READY,SYN173,SYNGO 1,SY,CATANDUVA,SP,SÃO PAULO INTERIOR,Connection OK,2017-09-06
3040173171,NOT CONNECTED,ACU101,ACUSON 1,US,SAO PAULO,SP,SÃO PAULO,Connection Expired (More than 30 days),2018-12-17
3025232616,SRS READY,MAG119,MAGNETOM 2,MR,FORTALEZA,CE,NORDESTE,Connection On Risk (No Data from Last 30 days),2013-08-21
3026591250,CONNECTED BUT NOT SRS READY,ACU104,ACUSON 4,US,PORTO VELHO,RO,CENTRO,Connection Expired (More than 30 days),2014-01-06
3037673151,SRS READY,SYN173,SYNGO 1,SY,SAO PAULO,SP,SÃO PAULO,Connection OK,2017-10-28
3025355147,SRS READY,MAG119,MAGNETOM 2,MR,POUSO ALEGRE,MG,SÃO PAULO INTERIOR,Connection OK,2013-08-14
3025593185,CONNECTED BUT NOT SRS READY,MAG119,MAGNETOM 2,MR,SAO JOSE DOS CAMPOS,SP,SÃO PAULO,Connection Expired (More than 30 days),2013-09-24
3026590895,NOT CONNECTED,ACU104,ACUSON 4,US,RIO DE JANEIRO,RJ,RIO DE JANEIRO,Connection Expired (More than 30 days),2013-12-16
3039838641,NOT CONNECTED,ACU101,ACUSON 1,US,SAO PAULO,SP,SÃO PAULO,Connection Expired (More than 30 days),2018-06-25
3037888515,SRS READY,SYN173,SYNGO 1,SY,SAO PAULO,SP,SÃO PAULO,Connection OK,2017-12-02
3025624551,SRS READY,MAG119,MAGNETOM 2,MR,AMPARO,SP,SÃO PAULO INTERIOR,Connection OK,2013-08-30
3039837214,SRS READY,ACU101,ACUSON 1,US,PETROPOLIS,RJ,RIO DE JANEIRO,Connection Expired (More than 30 days),2019-02-25
3025762322,SRS READY,MAG119,MAGNETOM 2,MR,JUIZ DE FORA,MG,RIO DE JANEIRO,Connection OK,2013-10-25
3038135593,SRS READY,SYN173,SYNGO 1,SY,LAGES,SC,SUL,Connection Expired (More than 30 days),2017-12-14
3025815344,SRS READY,MAG119,MAGNETOM 2,MR,ALFENAS,MG,SÃO PAULO INTERIOR,Connection OK,2013-12-16
3026741233,NOT CONNECTED,ACU104,ACUSON 4,US,LONDRINA,PR,SUL,Connection Expired (More than 30 days),2016-02-15
3038136182,CONNECTED BUT NOT SRS READY,SYN173,SYNGO 1,SY,SALVADOR,BA,NORDESTE,Connection Expired (More than 30 days),2017-12-16
3025807272,SRS READY,MAG119,MAGNETOM 2,MR,GOIANIA,GO,CENTRO,Connection OK,2013-11-26
3026191498,SRS READY,MAG119,MAGNETOM 2,MR,JALES,SP,SÃO PAULO INTERIOR,Connection OK,2014-02-03
3026282955,SRS READY,MAG119,MAGNETOM 2,MR,UBA,MG,RIO DE JANEIRO,Connection Expired (More than 30 days),2014-03-29
3038431853,SRS READY,SYN173,SYNGO 1,SY,CAMPO GRANDE,MS,SÃO PAULO INTERIOR,Connection OK,2018-01-23
3026297539,SRS READY,MAG119,MAGNETOM 2,MR,SAO GONCALO,RJ,RIO DE JANEIRO,Connection OK,2014-02-04
3026414499,SRS READY,MAG119,MAGNETOM 2,MR,FRANCISCO BELTRAO,PR,SUL,Connection OK,2014-01-22
3026477386,SRS READY,MAG119,MAGNETOM 2,MR,PARAUAPEBAS,PA,CENTRO,Connection OK,2014-02-21
3026477387,SRS READY,MAG119,MAGNETOM 2,MR,JUIZ DE FORA,MG,RIO DE JANEIRO,Connection OK,2014-01-26
3039180336,SRS READY,SYN173,SYNGO 1,SY,PORTO ALEGRE,RS,SUL,Connection OK,2018-04-25
3026540971,SRS READY,MAG119,MAGNETOM 2,MR,UBERLANDIA,MG,SÃO PAULO INTERIOR,Connection On Risk (No Data from Last 30 days),2014-03-01
3040174592,NOT CONNECTED,ACU101,ACUSON 1,US,SAO PAULO,SP,SÃO PAULO,Connection Expired (More than 30 days),2018-12-17
3026612560,SRS READY,MAG119,MAGNETOM 2,MR,NATAL,RN,NORDESTE,Connection OK,2014-03-17
3040201487,NOT CONNECTED,ACU101,ACUSON 1,US,SAO PAULO,SP,SÃO PAULO,Connection Expired (More than 30 days),2018-12-17
3039363477,SRS READY,SYN173,SYNGO 1,SY,RIO DE JANEIRO,RJ,RIO DE JANEIRO,Connection OK,2018-12-20
3026647551,SRS READY,MAG119,MAGNETOM 2,MR,SAO PAULO,SP,SÃO PAULO,Connection OK,2014-06-09
3040212744,NOT CONNECTED,ACU101,ACUSON 1,US,SAO PAULO,SP,SÃO PAULO,Connection Expired (More than 30 days),2018-12-18
3026647552,SRS READY,MAG119,MAGNETOM 2,MR,SAO PAULO,SP,SÃO PAULO,Connection OK,2014-07-16
3040212835,NOT CONNECTED,ACU101,ACUSON 1,US,SAO PAULO,SP,SÃO PAULO,Connection Expired (More than 30 days),2018-11-14
3026691214,SRS READY,MAG119,MAGNETOM 2,MR,ITAJAI,SC,SUL,Connection OK,2014-03-07
3026691215,SRS READY,MAG119,MAGNETOM 2,MR,BARRA MANSA,RJ,RIO DE JANEIRO,Connection Expired (More than 30 days),2014-05-20
3039971358,SRS READY,SYN173,SYNGO 1,SY,SAO CARLOS,SP,SÃO PAULO INTERIOR,Connection Expired (More than 30 days),2018-07-10
3026739255,SRS READY,MAG119,MAGNETOM 2,MR,TRES LAGOAS,MS,SÃO PAULO INTERIOR,Connection OK,2014-03-07
3040518314,SRS READY,SYN173,SYNGO 1,SY,PETROPOLIS,RJ,RIO DE JANEIRO,Connection OK,2018-12-14
3026749703,SRS READY,MAG119,MAGNETOM 2,MR,PINDAMONHANGABA,SP,SÃO PAULO,Connection OK,2014-04-30
3026796027,SRS READY,MAG119,MAGNETOM 2,MR,CONTAGEM,MG,CENTRO,Connection OK,2014-04-07
3026893462,CONNECTED BUT NOT SRS READY,MAG119,MAGNETOM 2,MR,BALNEARIO CAMBORIU,SC,SUL,Connection OK,2014-11-10
3042108884,SRS READY,SYN173,SYNGO 1,SY,BELO HORIZONTE,MG,CENTRO,Connection OK,2019-03-18
3026893495,SRS READY,MAG119,MAGNETOM 2,MR,SAO PAULO,SP,SÃO PAULO,Connection Expired (More than 30 days),2014-03-07
3027893230,NOT CONNECTED,ACU104,ACUSON 4,US,PIRACICABA,SP,SÃO PAULO INTERIOR,Connection Expired (More than 30 days),2014-06-30
3026922838,SRS READY,MAG119,MAGNETOM 2,MR,MARINGA,PR,SUL,Connection OK,2014-06-10
3026934772,NOT CONNECTED,MAG119,MAGNETOM 2,MR,SAO PAULO,SP,SÃO PAULO,Connection Expired (More than 30 days),2014-04-30
3027890652,NOT CONNECTED,ACU104,ACUSON 4,US,SAO PAULO,SP,SÃO PAULO,Connection Expired (More than 30 days),2014-08-20
3026923845,SRS READY,MAG119,MAGNETOM 2,MR,RECIFE,PE,NORDESTE,Connection OK,2014-05-20
3026923884,SRS READY,MAG119,MAGNETOM 2,MR,CUIABA,MT,CENTRO,Connection OK,2014-05-22
3026976428,SRS READY,MAG119,MAGNETOM 2,MR,BIGUACU,SC,SUL,Connection OK,2014-05-29
3027134894,SRS READY,MAG119,MAGNETOM 2,MR,MACAPA,AP,CENTRO,Connection OK,2014-07-28
3027178121,SRS READY,MAG119,MAGNETOM 2,MR,CONTAGEM,MG,CENTRO,Connection OK,2014-05-12
3043598351,SRS READY,SYN173,SYNGO 1,SY,UBERABA,MG,SÃO PAULO INTERIOR,Connection OK,2019-08-13
3027242069,SRS READY,MAG119,MAGNETOM 2,MR,SAO PAULO,SP,SÃO PAULO,Connection OK,2014-12-01
3043797093,NOT CONNECTED,SYN173,SYNGO 1,SY,WASHINGTON,RJ,RIO DE JANEIRO,Connection Expired (More than 30 days),2019-08-26
3027252317,SRS READY,MAG119,MAGNETOM 2,MR,TAUBATE,SP,SÃO PAULO,Connection OK,2014-08-13
3027302196,SRS READY,MAG119,MAGNETOM 2,MR,ARAGUARI,MG,SÃO PAULO INTERIOR,Connection OK,2014-11-06
3027317894,SRS READY,MAG119,MAGNETOM 2,MR,VARGINHA,MG,RIO DE JANEIRO,Connection OK,2014-08-10
3027399286,SRS READY,MAG119,MAGNETOM 2,MR,GOIANIA,GO,CENTRO,Connection OK,2014-06-10
3041772135,NOT CONNECTED,ACU101,ACUSON 1,US,SANTOS,SP,SÃO PAULO,Connection Expired (More than 30 days),2019-02-27
3027399428,SRS READY,MAG119,MAGNETOM 2,MR,PALMAS,TO,CENTRO,Connection OK,2014-06-17
3027586448,SRS READY,MAG119,MAGNETOM 2,MR,CATANDUVA,SP,SÃO PAULO INTERIOR,Connection OK,2014-07-22
3027600569,SRS READY,MAG119,MAGNETOM 2,MR,BALNEARIO CAMBORIU,SC,SUL,Connection OK,2014-08-09
3027969065,SRS READY,MAG119,MAGNETOM 2,MR,GUARAPARI,ES,RIO DE JANEIRO,Connection OK,2014-08-25
3027969254,SRS READY,MAG119,MAGNETOM 2,MR,PORTO ALEGRE,RS,SUL,Connection OK,2014-11-30
3046136693,CONNECTED BUT NOT SRS READY,SYN173,SYNGO 1,SY,SAO PAULO,SP,SÃO PAULO,Connection Expired (More than 30 days),2020-04-22
3046124441,SRS READY,SYN173,SYNGO 1,SY,SAO PAULO,SP,SÃO PAULO,Connection OK,2020-04-22
3028307175,SRS READY,MAG119,MAGNETOM 2,MR,SAO PAULO,SP,SÃO PAULO,Connection OK,2015-03-20
3029219119,NOT CONNECTED,ACU104,ACUSON 4,US,ARARAQUARA,SP,SÃO PAULO INTERIOR,Connection Expired (More than 30 days),2014-10-30
3046124032,NOT CONNECTED,SYN173,SYNGO 1,SY,JOINVILLE,SP,SÃO PAULO,Connection Expired (More than 30 days),2020-04-22
3028398958,SRS READY,MAG119,MAGNETOM 2,MR,ARARAQUARA,SP,SÃO PAULO INTERIOR,Connection OK,2014-11-06
3046123397,SRS READY,SYN173,SYNGO 1,SY,CUIABA,MT,CENTRO,Connection OK,2020-04-22
3028483942,SRS READY,MAG119,MAGNETOM 2,MR,JOAO PESSOA,PB,NORDESTE,Connection OK,2014-12-17
3041770662,NOT CONNECTED,ACU101,ACUSON 1,US,MACEIO,AL,NORDESTE,Connection Expired (More than 30 days),2019-03-27
3046136958,CONNECTED BUT NOT SRS READY,SYN173,SYNGO 1,SY,SAO PAULO,SP,SÃO PAULO,Connection Expired (More than 30 days),2020-04-22
3046137087,SRS READY,SYN173,SYNGO 1,SY,SAO PAULO,SP,SÃO PAULO,Connection OK,2020-04-22
3046148474,CONNECTED BUT NOT SRS READY,SYN173,SYNGO 1,SY,JOAO PESSOA,PB,NORDESTE,Connection OK,2020-04-22
3046148831,CONNECTED BUT NOT SRS READY,SYN173,SYNGO 1,SY,SAO PAULO,SP,SÃO PAULO,Connection Expired (More than 30 days),2020-04-22
3028867517,SRS READY,MAG119,MAGNETOM 2,MR,MANAUS,AM,CENTRO,Connection OK,2015-04-06
3046148991,CONNECTED BUT NOT SRS READY,SYN173,SYNGO 1,SY,SAO PAULO,SP,SÃO PAULO,Connection Expired (More than 30 days),2020-04-22
3028867849,CONNECTED BUT NOT SRS READY,MAG119,MAGNETOM 2,MR,LAGES,SC,SUL,Connection OK,2015-09-09
3046149194,SRS READY,SYN173,SYNGO 1,SY,BELEM,PA,CENTRO,Connection Expired (More than 30 days),2020-04-22
3029027761,SRS READY,MAG119,MAGNETOM 2,MR,VIDEIRA,SC,SUL,Connection OK,2015-02-10
3046149324,SRS READY,SYN173,SYNGO 1,SY,SAO PAULO,SP,SÃO PAULO,Connection OK,2020-04-22
3029027879,SRS READY,MAG119,MAGNETOM 2,MR,JOINVILLE,SC,SUL,Connection OK,2015-03-11
3046442451,CONNECTED BUT NOT SRS READY,SYN173,SYNGO 1,SY,SAO PAULO,SP,SÃO PAULO,Connection Expired (More than 30 days),2020-05-26
3047133144,SRS READY,SYN173,SYNGO 1,SY,NOVA PRATA,RS,SUL,Connection OK,2020-10-16
3029201792,SRS READY,MAG119,MAGNETOM 2,MR,BEBEDOURO,SP,SÃO PAULO INTERIOR,Connection OK,2015-04-02
3028713101,NOT CONNECTED,ACU104,ACUSON 4,US,SALVADOR,BA,NORDESTE,Connection Expired (More than 30 days),2015-08-04
3049356877,NOT CONNECTED,SYN173,SYNGO 1,SY,ALFENAS,MG,SÃO PAULO INTERIOR,Connection Expired (More than 30 days),2021-04-15
3029359507,SRS READY,MAG119,MAGNETOM 2,MR,PORTO ALEGRE,RS,SUL,Connection OK,2015-06-15
3029558179,SRS READY,MAG119,MAGNETOM 2,MR,VOTUPORANGA,SP,SÃO PAULO INTERIOR,Connection OK,2015-04-06
3029646147,SRS READY,MAG119,MAGNETOM 2,MR,CABO FRIO,RJ,RIO DE JANEIRO,Connection OK,2015-04-23
3035300134,SRS READY,SYN173,SYNGO 1,SY,BRASILIA,DF,CENTRO,Connection OK,2017-04-05
3029647101,SRS READY,MAG119,MAGNETOM 2,MR,UBERLANDIA,MG,SÃO PAULO INTERIOR,Connection OK,2015-04-02
3029577232,SRS READY,MAG119,MAGNETOM 2,MR,RIO DAS OSTRAS,RJ,RIO DE JANEIRO,Connection OK,2015-05-05
3029728138,SRS READY,MAG119,MAGNETOM 2,MR,JUIZ DE FORA,MG,RIO DE JANEIRO,Connection OK,2015-06-30
3029728409,SRS READY,MAG119,MAGNETOM 2,MR,BELEM,PA,CENTRO,Connection OK,2015-05-26
3029794117,SRS READY,MAG119,MAGNETOM 2,MR,CURITIBA,PR,SUL,Connection OK,2015-05-25
3029795255,SRS READY,MAG119,MAGNETOM 2,MR,OURO BRANCO,MG,CENTRO,Connection OK,2015-07-06
3029847841,SRS READY,MAG119,MAGNETOM 2,MR,SAO BENTO DO SUL,SC,SUL,Connection OK,2015-06-15
3042969192,SRS READY,SYN173,SYNGO 1,SY,FORTALEZA,CE,NORDESTE,Connection Expired (More than 30 days),2019-06-17
3029847920,SRS READY,MAG119,MAGNETOM 2,MR,RIO DE JANEIRO,RJ,RIO DE JANEIRO,Connection OK,2015-07-09
3029897107,SRS READY,MAG119,MAGNETOM 2,MR,FLORIANOPOLIS,SC,SUL,Connection OK,2015-12-28
3042685888,NOT CONNECTED,ACU101,ACUSON 1,US,SAO PAULO,SP,SÃO PAULO,Connection Expired (More than 30 days),2019-04-22
3030170144,SRS READY,MAG119,MAGNETOM 2,MR,RIO DE JANEIRO,RJ,RIO DE JANEIRO,Connection OK,2015-12-01
3030177979,SRS READY,MAG119,MAGNETOM 2,MR,NITEROI,RJ,RIO DE JANEIRO,Connection OK,2015-09-16
3030286306,SRS READY,MAG119,MAGNETOM 2,MR,SAO CARLOS,SP,SÃO PAULO INTERIOR,Connection Expired (More than 30 days),2015-12-08
3030398403,SRS READY,MAG119,MAGNETOM 2,MR,JI-PARANA,RO,CENTRO,Connection OK,2015-10-09
3030398554,SRS READY,MAG119,MAGNETOM 2,MR,JOAO PESSOA,PB,NORDESTE,Connection OK,2015-12-07
3030444211,SRS READY,MAG119,MAGNETOM 2,MR,CUIABA,MT,CENTRO,Connection Expired (More than 30 days),2015-11-04
3030045154,SRS READY,MAG136,MAGNETON 19,MR,SAO PAULO,SP,SÃO PAULO,Connection OK,2015-10-01
3030210499,SRS READY,MAG136,MAGNETON 19,MR,RIO DE JANEIRO,RJ,RIO DE JANEIRO,Connection OK,2015-07-29
3030551863,SRS READY,MAG119,MAGNETOM 2,MR,SAO PAULO,SP,SÃO PAULO,Connection Expired (More than 30 days),2015-12-29
3030719342,SRS READY,MAG119,MAGNETOM 2,MR,BARREIRAS,BA,NORDESTE,Connection OK,2015-11-23
3030719427,SRS READY,MAG119,MAGNETOM 2,MR,ITABAIANA,SE,NORDESTE,Connection OK,2015-12-22
3031093426,CONNECTED BUT NOT SRS READY,MAG119,MAGNETOM 2,MR,SAO PAULO,SP,SÃO PAULO,Connection OK,2016-02-07
3031404029,SRS READY,MAG119,MAGNETOM 2,MR,RIBEIRAO PRETO,SP,SÃO PAULO INTERIOR,Connection Expired (More than 30 days),2015-12-16
3031517610,SRS READY,MAG119,MAGNETOM 2,MR,CANOAS,RS,SUL,Connection Expired (More than 30 days),2015-12-28
3036380045,CONNECTED BUT NOT SRS READY,ACU104,ACUSON 4,US,JAU,SP,SÃO PAULO INTERIOR,Connection Expired (More than 30 days),2017-08-10
3031746562,SRS READY,MAG119,MAGNETOM 2,MR,ARACAJU,SE,NORDESTE,Connection OK,2016-03-02
3031922799,SRS READY,MAG119,MAGNETOM 2,MR,TRES LAGOAS,MS,SÃO PAULO INTERIOR,Connection On Risk (No Data from Last 30 days),2016-03-21
3032025549,SRS READY,MAG119,MAGNETOM 2,MR,SIMOES FILHO,BA,NORDESTE,Connection OK,2016-08-15
3032068885,SRS READY,MAG119,MAGNETOM 2,MR,CHAPECO,SC,SUL,Connection OK,2016-03-16
3032122178,SRS READY,MAG119,MAGNETOM 2,MR,SANTOS,SP,SÃO PAULO,Connection OK,2016-04-29
3032122238,SRS READY,MAG119,MAGNETOM 2,MR,CAMPO GRANDE,MS,SÃO PAULO INTERIOR,Connection OK,2016-05-02
3032132829,SRS READY,MAG119,MAGNETOM 2,MR,SANTOS,SP,SÃO PAULO,Connection Expired (More than 30 days),2016-08-19
3032220627,SRS READY,MAG119,MAGNETOM 2,MR,BRASILIA,DF,CENTRO,Connection OK,2016-09-13
3032231261,SRS READY,MAG119,MAGNETOM 2,MR,CATU,BA,NORDESTE,Connection OK,2016-07-27
3032328742,SRS READY,MAG119,MAGNETOM 2,MR,DIVINOPOLIS,MG,CENTRO,Connection OK,2016-03-17
3032448549,SRS READY,MAG119,MAGNETOM 2,MR,SAO PAULO,SP,SÃO PAULO,Connection OK,2016-09-13
3032455921,SRS READY,MAG119,MAGNETOM 2,MR,VIAMAO,RS,SUL,Connection OK,2016-07-27
3032759802,SRS READY,MAG119,MAGNETOM 2,MR,F. DE SANTANA,BA,NORDESTE,Connection OK,2016-07-06
3032935686,SRS READY,MAG119,MAGNETOM 2,MR,ARARUAMA,RJ,RIO DE JANEIRO,Connection OK,2016-09-06
3033394591,SRS READY,MAG119,MAGNETOM 2,MR,RIO DE JANEIRO,RJ,RIO DE JANEIRO,Connection OK,2016-11-19
3033394873,SRS READY,MAG119,MAGNETOM 2,MR,MONTE ALTO,SP,SÃO PAULO INTERIOR,Connection OK,2016-12-22
3033552716,SRS READY,MAG119,MAGNETOM 2,MR,SALVADOR,BA,NORDESTE,Connection OK,2016-12-14
3038470756,CONNECTED BUT NOT SRS READY,ACU104,ACUSON 4,US,SAO PAULO,SP,SÃO PAULO INTERIOR,Connection Expired (More than 30 days),2018-01-26
3033609540,SRS READY,MAG119,MAGNETOM 2,MR,SAO PAULO,SP,SÃO PAULO,Connection OK,2016-12-16
3043534867,SRS READY,ACU101,ACUSON 1,US,SAO PAULO,SP,SÃO PAULO,Connection Expired (More than 30 days),2019-07-25
3029390485,CONNECTED BUT NOT SRS READY,ACU104,ACUSON 4,US,VILA VELHA,ES,RIO DE JANEIRO,Connection Expired (More than 30 days),2014-11-28
3029489552,NOT CONNECTED,ACU104,ACUSON 4,US,CAMPO GRANDE,MS,SÃO PAULO INTERIOR,Connection Expired (More than 30 days),2014-12-16
3030222546,NOT CONNECTED,ACU104,ACUSON 4,US,SAO PAULO,SP,SÃO PAULO,Connection Expired (More than 30 days),2015-03-24
3045941479,NOT CONNECTED,ACU101,ACUSON 1,US,MANAUS,AM,CENTRO,Connection Expired (More than 30 days),2020-04-02
3030223112,NOT CONNECTED,ACU104,ACUSON 4,US,SAO PAULO,SP,SÃO PAULO,Connection Expired (More than 30 days),2015-03-24
3045951376,NOT CONNECTED,ACU101,ACUSON 1,US,MANAUS,AM,CENTRO,Connection Expired (More than 30 days),2020-04-02
3030242320,NOT CONNECTED,ACU104,ACUSON 4,US,BRASILIA,DF,CENTRO,Connection Expired (More than 30 days),2015-09-30
3045951862,NOT CONNECTED,ACU101,ACUSON 1,US,MANAUS,AM,CENTRO,Connection Expired (More than 30 days),2020-04-02
3030242874,NOT CONNECTED,ACU104,ACUSON 4,US,BRASILIA,DF,CENTRO,Connection Expired (More than 30 days),2015-09-30
3045951576,NOT CONNECTED,ACU101,ACUSON 1,US,MANAUS,AM,CENTRO,Connection Expired (More than 30 days),2020-04-02
3045940811,NOT CONNECTED,ACU101,ACUSON 1,US,MANAUS,AM,CENTRO,Connection Expired (More than 30 days),2020-04-02
3030457857,NOT CONNECTED,ACU104,ACUSON 4,US,SANTA MARIA,RS,SUL,Connection Expired (More than 30 days),2015-05-27
3045940970,NOT CONNECTED,ACU101,ACUSON 1,US,MANAUS,AM,CENTRO,Connection Expired (More than 30 days),2020-04-02
3045953779,NOT CONNECTED,ACU101,ACUSON 1,US,MANAUS,AM,CENTRO,Connection Expired (More than 30 days),2020-04-02
3045952957,NOT CONNECTED,ACU101,ACUSON 1,US,MANAUS,AM,CENTRO,Connection Expired (More than 30 days),2020-04-02
3045953104,NOT CONNECTED,ACU101,ACUSON 1,US,MANAUS,AM,CENTRO,Connection Expired (More than 30 days),2020-04-02
3030876949,NOT CONNECTED,ACU104,ACUSON 4,US,SALVADOR,BA,NORDESTE,Connection Expired (More than 30 days),2015-10-06
3045953972,NOT CONNECTED,ACU101,ACUSON 1,US,MANAUS,AM,CENTRO,Connection Expired (More than 30 days),2020-04-02
3045954199,NOT CONNECTED,ACU101,ACUSON 1,US,ATALAIA DO NORTE,AM,CENTRO,Connection Expired (More than 30 days),2020-04-02
3045970446,NOT CONNECTED,ACU101,ACUSON 1,US,PRESIDENTE FIGUEIREDO,AM,CENTRO,Connection Expired (More than 30 days),2020-04-02
3030877017,NOT CONNECTED,ACU104,ACUSON 4,US,SALVADOR,BA,NORDESTE,Connection Expired (More than 30 days),2015-10-06
3045970413,NOT CONNECTED,ACU101,ACUSON 1,US,MANAUS,AM,CENTRO,Connection Expired (More than 30 days),2020-04-02
3045970642,NOT CONNECTED,ACU101,ACUSON 1,US,MANAUS,AM,CENTRO,Connection Expired (More than 30 days),2020-04-02
3045970487,NOT CONNECTED,ACU101,ACUSON 1,US,MANAUS,AM,CENTRO,Connection Expired (More than 30 days),2020-04-02
3046181485,NOT CONNECTED,ACU101,ACUSON 1,US,MANAUS,AM,CENTRO,Connection Expired (More than 30 days),2020-04-23
3046182094,NOT CONNECTED,ACU101,ACUSON 1,US,MANAUS,AM,CENTRO,Connection Expired (More than 30 days),2020-04-23
3031091401,NOT CONNECTED,ACU104,ACUSON 4,US,CUIABA,MT,CENTRO,Connection Expired (More than 30 days),2015-08-03
3046182713,NOT CONNECTED,ACU101,ACUSON 1,US,MANAUS,AM,CENTRO,Connection Expired (More than 30 days),2020-04-23
3046182796,NOT CONNECTED,ACU101,ACUSON 1,US,MANAUS,AM,CENTRO,Connection Expired (More than 30 days),2020-04-23
3031648870,NOT CONNECTED,ACU104,ACUSON 4,US,MANAUS,AM,CENTRO,Connection Expired (More than 30 days),2015-10-06
3046182218,NOT CONNECTED,ACU101,ACUSON 1,US,MANAUS,AM,CENTRO,Connection Expired (More than 30 days),2020-04-23
3046193201,NOT CONNECTED,ACU101,ACUSON 1,US,MANAUS,AM,CENTRO,Connection Expired (More than 30 days),2020-04-23
3046180494,NOT CONNECTED,ACU101,ACUSON 1,US,URUCURITUBA,AM,CENTRO,Connection Expired (More than 30 days),2020-04-23
3046193420,NOT CONNECTED,ACU101,ACUSON 1,US,MANAUS,AM,CENTRO,Connection Expired (More than 30 days),2020-04-23
3046179791,NOT CONNECTED,ACU101,ACUSON 1,US,MANAUS,AM,CENTRO,Connection Expired (More than 30 days),2020-04-23
3046180134,NOT CONNECTED,ACU101,ACUSON 1,US,MANAUS,AM,CENTRO,Connection Expired (More than 30 days),2020-04-23
3046191339,NOT CONNECTED,ACU101,ACUSON 1,US,CAREIRO DA VARZEA,AM,CENTRO,Connection Expired (More than 30 days),2020-04-23
3046191222,NOT CONNECTED,ACU101,ACUSON 1,US,MANAUS,AM,CENTRO,Connection Expired (More than 30 days),2020-04-23
3032068328,NOT CONNECTED,ACU104,ACUSON 4,US,SAO CARLOS,SP,SÃO PAULO INTERIOR,Connection Expired (More than 30 days),2015-11-27
3046180747,NOT CONNECTED,ACU101,ACUSON 1,US,MANAUS,AM,CENTRO,Connection Expired (More than 30 days),2020-04-23
3046180991,NOT CONNECTED,ACU101,ACUSON 1,US,MANAUS,AM,CENTRO,Connection Expired (More than 30 days),2020-04-23
3046191678,NOT CONNECTED,ACU101,ACUSON 1,US,MANAUS,AM,CENTRO,Connection Expired (More than 30 days),2020-04-23
3046179169,NOT CONNECTED,ACU101,ACUSON 1,US,MANAUS,AM,CENTRO,Connection Expired (More than 30 days),2020-04-23
3046179738,NOT CONNECTED,ACU101,ACUSON 1,US,MANAUS,AM,CENTRO,Connection Expired (More than 30 days),2020-04-23
3046191318,NOT CONNECTED,ACU101,ACUSON 1,US,MANAUS,AM,CENTRO,Connection Expired (More than 30 days),2020-04-23
3046191647,NOT CONNECTED,ACU101,ACUSON 1,US,MANAUS,AM,CENTRO,Connection Expired (More than 30 days),2020-04-23
3027240997,SRS READY,MAG118,MAGNETOM 1,MR,ITAJAI,SC,SUL,Connection OK,2014-03-31
3046192545,NOT CONNECTED,ACU101,ACUSON 1,US,MANAUS,AM,CENTRO,Connection Expired (More than 30 days),2020-04-23
3028556175,SRS READY,MAG118,MAGNETOM 1,MR,CUIABA,MT,CENTRO,Connection OK,2015-01-06
3046204216,NOT CONNECTED,ACU101,ACUSON 1,US,MANAUS,AM,CENTRO,Connection Expired (More than 30 days),2020-04-27
3046206814,NOT CONNECTED,ACU101,ACUSON 1,US,MANAUS,AM,CENTRO,Connection Expired (More than 30 days),2020-04-27
3014248672,SRS READY,NUC144,NUCLEAR 10,MI SPECT,SAO PAULO,SP,SÃO PAULO,Connection OK,2010-05-19
3046199320,NOT CONNECTED,ACU101,ACUSON 1,US,MANAUS,AM,CENTRO,Connection Expired (More than 30 days),2020-04-27
3014313742,SRS READY,NUC144,NUCLEAR 10,MI SPECT,SAO PAULO,SP,SÃO PAULO,Connection OK,2010-05-27
3046208284,NOT CONNECTED,ACU101,ACUSON 1,US,MANAUS,AM,CENTRO,Connection Expired (More than 30 days),2020-04-27
3021341346,SRS READY,NUC144,NUCLEAR 10,MI SPECT,SAO PAULO,SP,SÃO PAULO,Connection OK,2012-11-14
3046208224,NOT CONNECTED,ACU101,ACUSON 1,US,MAUES,AM,CENTRO,Connection Expired (More than 30 days),2020-04-27
3046208821,NOT CONNECTED,ACU101,ACUSON 1,US,UARINI,AM,CENTRO,Connection Expired (More than 30 days),2020-04-27
3027881404,SRS READY,NUC144,NUCLEAR 10,MI SPECT,RECIFE,PE,NORDESTE,Connection OK,2014-06-06
3046208377,NOT CONNECTED,ACU101,ACUSON 1,US,MANAUS,AM,CENTRO,Connection Expired (More than 30 days),2020-04-27
3031798824,SRS READY,NUC144,NUCLEAR 10,MI SPECT,RIO DE JANEIRO,RJ,RIO DE JANEIRO,Connection Expired (More than 30 days),2015-12-22
3046207615,NOT CONNECTED,ACU101,ACUSON 1,US,MANAUS,AM,CENTRO,Connection Expired (More than 30 days),2020-04-27
3046204285,NOT CONNECTED,ACU101,ACUSON 1,US,MANAUS,AM,CENTRO,Connection Expired (More than 30 days),2020-04-27
3046207270,NOT CONNECTED,ACU101,ACUSON 1,US,ITAMARATI,AM,CENTRO,Connection Expired (More than 30 days),2020-04-27
3046204028,NOT CONNECTED,ACU101,ACUSON 1,US,MANAUS,AM,CENTRO,Connection Expired (More than 30 days),2020-04-27
3046199444,NOT CONNECTED,ACU101,ACUSON 1,US,MANAUS,AM,CENTRO,Connection Expired (More than 30 days),2020-04-27
3046199257,NOT CONNECTED,ACU101,ACUSON 1,US,BARREIRINHA,AM,CENTRO,Connection Expired (More than 30 days),2020-10-15
3046207051,NOT CONNECTED,ACU101,ACUSON 1,US,MANAUS,AM,CENTRO,Connection Expired (More than 30 days),2020-04-27
3046207811,NOT CONNECTED,ACU101,ACUSON 1,US,MANAUS,AM,CENTRO,Connection Expired (More than 30 days),2020-04-27
3046205029,NOT CONNECTED,ACU101,ACUSON 1,US,MANAUS,AM,CENTRO,Connection Expired (More than 30 days),2020-04-27
3046206475,NOT CONNECTED,ACU101,ACUSON 1,US,MANAUS,AM,CENTRO,Connection Expired (More than 30 days),2020-04-27
3046209050,NOT CONNECTED,ACU101,ACUSON 1,US,LABREA,AM,CENTRO,Connection Expired (More than 30 days),2020-04-27
3046204589,NOT CONNECTED,ACU101,ACUSON 1,US,MANAUS,AM,CENTRO,Connection Expired (More than 30 days),2020-04-27
3046210170,NOT CONNECTED,ACU101,ACUSON 1,US,MANAUS,AM,CENTRO,Connection Expired (More than 30 days),2020-04-27
3046312913,NOT CONNECTED,ACU101,ACUSON 1,US,RIO DE JANEIRO,RJ,RIO DE JANEIRO,Connection Expired (More than 30 days),2020-05-07
3046324708,NOT CONNECTED,ACU101,ACUSON 1,US,MANAUS,AM,CENTRO,Connection Expired (More than 30 days),2020-05-07
3046324886,NOT CONNECTED,ACU101,ACUSON 1,US,GRAVATAI,RS,SUL,Connection Expired (More than 30 days),2020-05-07
3046313498,NOT CONNECTED,ACU101,ACUSON 1,US,MANAUS,AM,CENTRO,Connection Expired (More than 30 days),2020-05-07
3046324959,NOT CONNECTED,ACU101,ACUSON 1,US,MANAUS,AM,CENTRO,Connection Expired (More than 30 days),2020-05-07
3046312390,NOT CONNECTED,ACU101,ACUSON 1,US,MANAUS,AM,CENTRO,Connection Expired (More than 30 days),2020-05-07
3046312228,NOT CONNECTED,ACU101,ACUSON 1,US,MANAUS,AM,CENTRO,Connection Expired (More than 30 days),2020-05-07
3046311717,NOT CONNECTED,ACU101,ACUSON 1,US,GRAVATAI,RS,SUL,Connection Expired (More than 30 days),2020-05-07
3046312667,SRS READY,ACU101,ACUSON 1,US,SAO PAULO,SP,SÃO PAULO,Connection Expired (More than 30 days),2020-05-07
3046312174,NOT CONNECTED,ACU101,ACUSON 1,US,MANAUS,AM,CENTRO,Connection Expired (More than 30 days),2020-05-07
3046309776,NOT CONNECTED,ACU101,ACUSON 1,US,MANAUS,AM,CENTRO,Connection Expired (More than 30 days),2020-05-07
3046309345,NOT CONNECTED,ACU101,ACUSON 1,US,MANAUS,AM,CENTRO,Connection Expired (More than 30 days),2020-05-07
3046309674,NOT CONNECTED,ACU101,ACUSON 1,US,MANAUS,AM,CENTRO,Connection Expired (More than 30 days),2020-05-07
3046311213,NOT CONNECTED,ACU101,ACUSON 1,US,MANAUS,AM,CENTRO,Connection Expired (More than 30 days),2020-05-07
3046309504,CONNECTED BUT NOT SRS READY,ACU101,ACUSON 1,US,MANAUS,AM,CENTRO,Connection Expired (More than 30 days),2020-05-07
3046311275,NOT CONNECTED,ACU101,ACUSON 1,US,SANTAREM,PA,CENTRO,Connection Expired (More than 30 days),2020-10-03
3046310769,SRS READY,ACU101,ACUSON 1,US,NATAL,RN,NORDESTE,Connection Expired (More than 30 days),2020-10-03
3046309069,NOT CONNECTED,ACU101,ACUSON 1,US,MANAUS,AM,CENTRO,Connection Expired (More than 30 days),2020-05-07
3046311312,NOT CONNECTED,ACU101,ACUSON 1,US,MANAUS,AM,CENTRO,Connection Expired (More than 30 days),2020-05-07
5000983207,NOT CONNECTED,NUC148,NUCLEAR 14,MI SPECT,RIO DE JANEIRO,RJ,RIO DE JANEIRO,Connection Expired (More than 30 days),2007-03-24
3047144320,SRS READY,ACU101,ACUSON 1,US,SUZANO,SP,SÃO PAULO,Connection Expired (More than 30 days),2020-08-17
3047143225,NOT CONNECTED,ACU101,ACUSON 1,US,MANAUS,AM,CENTRO,Connection Expired (More than 30 days),2020-08-17
3007405430,SRS READY,NUC148,NUCLEAR 14,MI SPECT,SALVADOR,BA,NORDESTE,Connection OK,2007-10-17
3047143837,NOT CONNECTED,ACU101,ACUSON 1,US,MANAUS,AM,CENTRO,Connection Expired (More than 30 days),2020-08-17
3047144188,SRS READY,ACU101,ACUSON 1,US,SAO PAULO,SP,SÃO PAULO,Connection Expired (More than 30 days),2020-08-17
3008416273,SRS READY,NUC148,NUCLEAR 14,MI SPECT,RECIFE,PE,NORDESTE,Connection OK,2008-08-11
3047142923,CONNECTED BUT NOT SRS READY,ACU101,ACUSON 1,US,BETIM,MG,CENTRO,Connection Expired (More than 30 days),2020-08-17
3009862230,SRS READY,NUC148,NUCLEAR 14,MI SPECT,SAO PAULO,SP,SÃO PAULO,Connection OK,2009-02-18
3047141271,NOT CONNECTED,ACU101,ACUSON 1,US,SAO PAULO,SP,SÃO PAULO,Connection Expired (More than 30 days),2020-08-17
3010532035,SRS READY,NUC148,NUCLEAR 14,MI SPECT,RECIFE,PE,NORDESTE,Connection OK,2009-06-10
3047142648,SRS READY,ACU101,ACUSON 1,US,SAO PAULO,SP,SÃO PAULO,Connection Expired (More than 30 days),2020-08-17
3011191200,CONNECTED BUT NOT SRS READY,NUC148,NUCLEAR 14,MI SPECT,ARACATUBA,SP,SÃO PAULO INTERIOR,Connection OK,2009-09-14
3047151695,NOT CONNECTED,ACU101,ACUSON 1,US,MANAUS,AM,CENTRO,Connection Expired (More than 30 days),2020-08-17
3047140456,SRS READY,ACU101,ACUSON 1,US,CAMPINAS,SP,SÃO PAULO INTERIOR,Connection Expired (More than 30 days),2020-08-17
3047141423,NOT CONNECTED,ACU101,ACUSON 1,US,MANAUS,AM,CENTRO,Connection Expired (More than 30 days),2020-08-17
3047139879,SRS READY,ACU101,ACUSON 1,US,PORTO ALEGRE,RS,SUL,Connection Expired (More than 30 days),2020-10-13
3047140813,NOT CONNECTED,ACU101,ACUSON 1,US,MANAUS,AM,CENTRO,Connection Expired (More than 30 days),2020-08-17
3047404957,NOT CONNECTED,ACU101,ACUSON 1,US,MANAUS,AM,CENTRO,Connection Expired (More than 30 days),2020-09-15
3047404867,NOT CONNECTED,ACU101,ACUSON 1,US,MANAUS,AM,CENTRO,Connection Expired (More than 30 days),2020-09-15
3047404893,NOT CONNECTED,ACU101,ACUSON 1,US,MANAUS,AM,CENTRO,Connection Expired (More than 30 days),2020-09-15
3047688597,NOT CONNECTED,ACU101,ACUSON 1,US,MANAUS,AM,CENTRO,Connection Expired (More than 30 days),2020-10-17
3047688697,NOT CONNECTED,ACU101,ACUSON 1,US,MANAUS,AM,CENTRO,Connection Expired (More than 30 days),2020-10-17
3047855056,NOT CONNECTED,ACU101,ACUSON 1,US,PARINTINS,AM,CENTRO,Connection Expired (More than 30 days),2020-11-04
3047854392,NOT CONNECTED,ACU101,ACUSON 1,US,VARGEM GRANDE PAULISTA,SP,SÃO PAULO,Connection Expired (More than 30 days),2020-11-04
3047876120,SRS READY,ACU101,ACUSON 1,US,SAO PAULO,SP,SÃO PAULO,Connection Expired (More than 30 days),2020-11-04
3047890791,SRS READY,ACU101,ACUSON 1,US,CARIACICA,ES,RIO DE JANEIRO,Connection Expired (More than 30 days),2020-12-29
3047890890,SRS READY,ACU101,ACUSON 1,US,CARIACICA,ES,RIO DE JANEIRO,Connection Expired (More than 30 days),2020-12-29
3047890814,SRS READY,ACU101,ACUSON 1,US,PORTO ALEGRE,RS,SUL,Connection Expired (More than 30 days),2020-11-04
3047890953,SRS READY,ACU101,ACUSON 1,US,CARIACICA,ES,RIO DE JANEIRO,Connection Expired (More than 30 days),2020-12-29
3047890743,NOT CONNECTED,ACU101,ACUSON 1,US,SAO PAULO,SP,SÃO PAULO,Connection Expired (More than 30 days),2020-12-29
3047891027,NOT CONNECTED,ACU101,ACUSON 1,US,MANAUS,AM,CENTRO,Connection Expired (More than 30 days),2020-11-04
3048012509,SRS READY,ACU101,ACUSON 1,US,MOGI DAS CRUZES,SP,SÃO PAULO,Connection Expired (More than 30 days),2020-12-02
3048012277,NOT CONNECTED,ACU101,ACUSON 1,US,PARINTINS,AM,CENTRO,Connection Expired (More than 30 days),2020-12-02
3048173544,NOT CONNECTED,ACU101,ACUSON 1,US,LAJEADO,RS,SUL,Connection Expired (More than 30 days),2020-12-02
3032844947,CONNECTED BUT NOT SRS READY,ACU101,ACUSON 1,US,ITAPEVI,SP,SÃO PAULO,Connection Expired (More than 30 days),2016-05-05
3033394746,NOT CONNECTED,ACU101,ACUSON 1,US,SAO PAULO,SP,SÃO PAULO,Connection Expired (More than 30 days),2016-05-25
3033383268,CONNECTED BUT NOT SRS READY,ACU101,ACUSON 1,US,SAO PAULO,SP,SÃO PAULO,Connection Expired (More than 30 days),2016-09-02
3033421335,SRS READY,ACU101,ACUSON 1,US,NOVA VENECIA,ES,RIO DE JANEIRO,Connection Expired (More than 30 days),2016-08-26
3033431267,SRS READY,ACU101,ACUSON 1,US,NITEROI,RJ,RIO DE JANEIRO,Connection Expired (More than 30 days),2016-09-08
3033423008,SRS READY,ACU101,ACUSON 1,US,NITEROI,RJ,RIO DE JANEIRO,Connection Expired (More than 30 days),2016-09-08
3033431581,NOT CONNECTED,ACU101,ACUSON 1,US,CATANDUVA,SP,SÃO PAULO INTERIOR,Connection Expired (More than 30 days),2016-11-29
3033881129,SRS READY,ACU101,ACUSON 1,US,PETROPOLIS,RJ,RIO DE JANEIRO,Connection Expired (More than 30 days),2016-09-08
3036084405,CONNECTED BUT NOT SRS READY,ACU101,ACUSON 1,US,CAMPO GRANDE,MS,SÃO PAULO INTERIOR,Connection Expired (More than 30 days),2017-07-21
3033252615,SRS READY,NUC147,NUCLEAR 13,MI SPECT,SAO PAULO,SP,SÃO PAULO,Connection Expired (More than 30 days),2016-06-15
3045156591,SRS READY,NUC147,NUCLEAR 13,MI SPECT,PORTO ALEGRE,RS,SUL,Connection OK,2020-01-29
3047863929,SRS READY,NUC147,NUCLEAR 13,MI SPECT,PASSO FUNDO,RS,SUL,Connection OK,2020-12-29
3015837805,SRS READY,NUC148,NUCLEAR 14,MI SPECT,CAMPINAS,SP,SÃO PAULO INTERIOR,Connection OK,2010-12-27
5082000324386,SRS READY,NUC148,NUCLEAR 14,MI SPECT,GOIANIA,GO,CENTRO,Connection OK,2010-06-24
